"Period","Supply","Supply.Chg..YOY.","Demand","Demand.Chg..YOY.","Revenue","Revenue.Chg..YOY.","Occupancy","Occupancy.Chg..YOY.","ADR","ADR.Chg..YOY.","RevPAR","RevPAR.Chg..YOY.","X12.Mo.Supply","X12.Mo.Supply.Chg","X12.Mo.Demand","X12.Mo.Demand.Chg","X12.Mo.Revenue","X12.Mo.Revenue.Chg","X12.Mo.Occupancy","X12.Mo.Occupancy.Chg","X12.Mo.ADR","X12.Mo.ADR.Chg","X12.Mo.RevPAR","X12.Mo.RevPAR.Chg","Market.Sale.Price.Room","X12.Mo.Sales.Volume","Market.Cap.Rate","group","month","year","date","n_hotels","rooms_total","Rooms","Last.Sale.Price","Year.Built","Taxes.Total","Year.Renovated","Month.Renovated","Taxes.Per.SF","Mtg.Rooms","Parking.Spaces.Room","Star.Rating","X2020.Med.Age.1m.","X2020.Med.HH.Inc.1m.","X2025.Avg.HH.Inc.1m.","X2025.Not.Hisp.Lat..White.1m.","X2025.Not.Hisp.Lat..Blk.or.Afr.Amer.1m.","X2025.Hisp.Lat.Amer.Indian.and.Alaska.Nat.1m.","X2025.Hisp.Lat.Asian.1m.","X2025.Hisp.Lat.Black.or.Afr.Amer.1m.","X2025.Hisp.Lat.Nat.Haw.n.and.Pac.Isldr.1m.","X2025.Hisp.Lat.Two.or.More.Races.1m.","X2025.Hisp.Lat.White.1m.","X2025.Not.Hisp.Lat.Asian.1m.","X2025.Not.Hisp.Lat.Two.or.More.Races.1m.","X2025.Pop.Wrk.Trav.Time..30.Min.1m.","X2025.Pop.Wrk.Trav.Time.30.60.Min.1m.","X2025.Pop.Wrk.Trav.Time.60..Min.1m.","X2025.Median.Home.Value.1m.","X2025.Pop.Occupation.1m.","income","homeval","hisp","black","mult","asian","white","tot","share_hisp","share_black","share_white","share_asian","rest_num","Property.Type","Building.Status","Secondary.Type","Market.Name","Submarket.Name","Submarket.Cluster","City","County.Name","Zip","Hotel.Open.Date","Hotel.Operator","True.Owner.Name","Hotel.Class","Electric.Utility","Brand","For.Sale.Status","Hotel.Grade","Hotel.Location.Type","Owner.Name","Recorded.Owner.Name","base_adr","adr_index","base_revpar","revpar_index"
"Jan 2023",636059,0.035,414585,0.264,77802820,0.425,0.652,0.221,187.66,0.127,122.32,0.377,7362655,0.089,5430699,0.258,1080421975,0.522,0.738,0.155,198.95,0.209,146.74,0.397,219176,237506555,0.074,"AllTreated","Jan",2023,2023-01-01,135,20389,20389,53569762.7567846,1974.27083231154,702962.107415021,2015.14010495788,7.19558569339184,4.32540417769184,6.71174377224199,0.84954184954185,3.52292903035951,36.7842807009231,71917.7782137427,111644.503408701,14309.0612585218,3800.20653293443,612.78566874295,100.463534258669,132.340919123057,10.6770807788513,13800.0511059885,1783.1317377017,8454.92883417529,2429.19794987493,10040.4494580411,8057.48565402913,2646.72607778704,946509.200843592,24658.5133650498,111644.503408701,946509.200843592,16439.4500465938,3800.20653293443,2429.19794987493,8454.92883417529,14309.0612585218,45432.8446221002,0.333882558333226,0.0882252755861157,0.359861803656258,0.159436501333601,0.72764726077787,"Hospitality","Existing","Hotel","Los Angeles, CA","Hollywood/Beverly Hills","Los Angeles/Long Beach","Los Angeles","Los Angeles","90045","07/01/1973","Marriott International","Sichuan Xinglida Group Enterprises Co., Ltd.","Upper Upscale","Los Angeles Department Of Water & Power","Marriott","N","4 Star","Urban","Sichuan Xinglida Group Enterprises Co., Ltd.","XLD LAX Owner LLC",193.09,97.1878398674193,145.42,84.1149773071105
"Feb 2023",574505,0.035,430825,0.148,83651113,0.022,0.75,0.109,194.16,-0.109,145.61,-0.012,7381971,0.081,5486143,0.229,1082247905,0.415,0.743,0.137,197.27,0.151,146.61,0.309,219952,237506555,0.074,"AllTreated","Feb",2023,2023-02-01,135,20389,20389,53569762.7567846,1974.27083231154,702962.107415021,2015.14010495788,7.19558569339184,4.32540417769184,6.71174377224199,0.84954184954185,3.52292903035951,36.7842807009231,71917.7782137427,111644.503408701,14309.0612585218,3800.20653293443,612.78566874295,100.463534258669,132.340919123057,10.6770807788513,13800.0511059885,1783.1317377017,8454.92883417529,2429.19794987493,10040.4494580411,8057.48565402913,2646.72607778704,946509.200843592,24658.5133650498,111644.503408701,946509.200843592,16439.4500465938,3800.20653293443,2429.19794987493,8454.92883417529,14309.0612585218,45432.8446221002,0.333882558333226,0.0882252755861157,0.359861803656258,0.159436501333601,0.72764726077787,"Hospitality","Existing","Hotel","Los Angeles, CA","Hollywood/Beverly Hills","Los Angeles/Long Beach","Los Angeles","Los Angeles","90045","07/01/1973","Marriott International","Sichuan Xinglida Group Enterprises Co., Ltd.","Upper Upscale","Los Angeles Department Of Water & Power","Marriott","N","4 Star","Urban","Sichuan Xinglida Group Enterprises Co., Ltd.","XLD LAX Owner LLC",193.09,100.554145735149,145.42,100.130656030807
"Mar 2023",636059,0.035,500574,0.105,101217182,0.185,0.787,0.068,202.2,0.072,159.13,0.145,7403356,0.073,5533710,0.2,1098022329,0.352,0.747,0.118,198.42,0.127,148.31,0.26,220728,192656555,0.074,"AllTreated","Mar",2023,2023-03-01,135,20389,20389,53569762.7567846,1974.27083231154,702962.107415021,2015.14010495788,7.19558569339184,4.32540417769184,6.71174377224199,0.84954184954185,3.52292903035951,36.7842807009231,71917.7782137427,111644.503408701,14309.0612585218,3800.20653293443,612.78566874295,100.463534258669,132.340919123057,10.6770807788513,13800.0511059885,1783.1317377017,8454.92883417529,2429.19794987493,10040.4494580411,8057.48565402913,2646.72607778704,946509.200843592,24658.5133650498,111644.503408701,946509.200843592,16439.4500465938,3800.20653293443,2429.19794987493,8454.92883417529,14309.0612585218,45432.8446221002,0.333882558333226,0.0882252755861157,0.359861803656258,0.159436501333601,0.72764726077787,"Hospitality","Existing","Hotel","Los Angeles, CA","Hollywood/Beverly Hills","Los Angeles/Long Beach","Los Angeles","Los Angeles","90045","07/01/1973","Marriott International","Sichuan Xinglida Group Enterprises Co., Ltd.","Upper Upscale","Los Angeles Department Of Water & Power","Marriott","N","4 Star","Urban","Sichuan Xinglida Group Enterprises Co., Ltd.","XLD LAX Owner LLC",193.09,104.718007146926,145.42,109.427864117728
"Apr 2023",622062,0.046,475978,0.05,96637486,0.08,0.765,0.004,203.03,0.029,155.35,0.033,7430572,0.066,5556265,0.17,1105170117,0.288,0.748,0.098,198.91,0.1,148.73,0.208,221437,192656555,0.075,"AllTreated","Apr",2023,2023-04-01,135,20389,20389,53569762.7567846,1974.27083231154,702962.107415021,2015.14010495788,7.19558569339184,4.32540417769184,6.71174377224199,0.84954184954185,3.52292903035951,36.7842807009231,71917.7782137427,111644.503408701,14309.0612585218,3800.20653293443,612.78566874295,100.463534258669,132.340919123057,10.6770807788513,13800.0511059885,1783.1317377017,8454.92883417529,2429.19794987493,10040.4494580411,8057.48565402913,2646.72607778704,946509.200843592,24658.5133650498,111644.503408701,946509.200843592,16439.4500465938,3800.20653293443,2429.19794987493,8454.92883417529,14309.0612585218,45432.8446221002,0.333882558333226,0.0882252755861157,0.359861803656258,0.159436501333601,0.72764726077787,"Hospitality","Existing","Hotel","Los Angeles, CA","Hollywood/Beverly Hills","Los Angeles/Long Beach","Los Angeles","Los Angeles","90045","07/01/1973","Marriott International","Sichuan Xinglida Group Enterprises Co., Ltd.","Upper Upscale","Los Angeles Department Of Water & Power","Marriott","N","4 Star","Urban","Sichuan Xinglida Group Enterprises Co., Ltd.","XLD LAX Owner LLC",193.09,105.147858511575,145.42,106.828496767982
"May 2023",642797,0.042,479741,0.044,97063294,0.064,0.746,0.002,202.32,0.019,151,0.021,7456417,0.06,5576520,0.149,1110983790,0.239,0.748,0.084,199.23,0.078,149,0.169,222146,192656555,0.075,"AllTreated","May",2023,2023-05-01,135,20389,20389,53569762.7567846,1974.27083231154,702962.107415021,2015.14010495788,7.19558569339184,4.32540417769184,6.71174377224199,0.84954184954185,3.52292903035951,36.7842807009231,71917.7782137427,111644.503408701,14309.0612585218,3800.20653293443,612.78566874295,100.463534258669,132.340919123057,10.6770807788513,13800.0511059885,1783.1317377017,8454.92883417529,2429.19794987493,10040.4494580411,8057.48565402913,2646.72607778704,946509.200843592,24658.5133650498,111644.503408701,946509.200843592,16439.4500465938,3800.20653293443,2429.19794987493,8454.92883417529,14309.0612585218,45432.8446221002,0.333882558333226,0.0882252755861157,0.359861803656258,0.159436501333601,0.72764726077787,"Hospitality","Existing","Hotel","Los Angeles, CA","Hollywood/Beverly Hills","Los Angeles/Long Beach","Los Angeles","Los Angeles","90045","07/01/1973","Marriott International","Sichuan Xinglida Group Enterprises Co., Ltd.","Upper Upscale","Los Angeles Department Of Water & Power","Marriott","N","4 Star","Urban","Sichuan Xinglida Group Enterprises Co., Ltd.","XLD LAX Owner LLC",193.09,104.780154332177,145.42,103.837161325815
"Jun 2023",624424,0.046,479032,0.018,99706870,0.04,0.767,-0.027,208.14,0.022,159.68,-0.005,7483790,0.056,5585047,0.129,1114839062,0.198,0.746,0.069,199.61,0.061,148.97,0.134,222854,78656555,0.076,"AllTreated","Jun",2023,2023-06-01,135,20389,20389,53569762.7567846,1974.27083231154,702962.107415021,2015.14010495788,7.19558569339184,4.32540417769184,6.71174377224199,0.84954184954185,3.52292903035951,36.7842807009231,71917.7782137427,111644.503408701,14309.0612585218,3800.20653293443,612.78566874295,100.463534258669,132.340919123057,10.6770807788513,13800.0511059885,1783.1317377017,8454.92883417529,2429.19794987493,10040.4494580411,8057.48565402913,2646.72607778704,946509.200843592,24658.5133650498,111644.503408701,946509.200843592,16439.4500465938,3800.20653293443,2429.19794987493,8454.92883417529,14309.0612585218,45432.8446221002,0.333882558333226,0.0882252755861157,0.359861803656258,0.159436501333601,0.72764726077787,"Hospitality","Existing","Hotel","Los Angeles, CA","Hollywood/Beverly Hills","Los Angeles/Long Beach","Los Angeles","Los Angeles","90045","07/01/1973","Marriott International","Sichuan Xinglida Group Enterprises Co., Ltd.","Upper Upscale","Los Angeles Department Of Water & Power","Marriott","N","4 Star","Urban","Sichuan Xinglida Group Enterprises Co., Ltd.","XLD LAX Owner LLC",193.09,107.794292816821,145.42,109.806078943749
"Jul 2023",645271,0.023,512582,0.035,105241713,0.01,0.794,0.012,205.32,-0.024,163.1,-0.013,7498145,0.048,5602234,0.119,1115874529,0.168,0.747,0.068,199.18,0.044,148.82,0.114,224834,34456555,0.076,"AllTreated","Jul",2023,2023-07-01,135,20389,20389,53569762.7567846,1974.27083231154,702962.107415021,2015.14010495788,7.19558569339184,4.32540417769184,6.71174377224199,0.84954184954185,3.52292903035951,36.7842807009231,71917.7782137427,111644.503408701,14309.0612585218,3800.20653293443,612.78566874295,100.463534258669,132.340919123057,10.6770807788513,13800.0511059885,1783.1317377017,8454.92883417529,2429.19794987493,10040.4494580411,8057.48565402913,2646.72607778704,946509.200843592,24658.5133650498,111644.503408701,946509.200843592,16439.4500465938,3800.20653293443,2429.19794987493,8454.92883417529,14309.0612585218,45432.8446221002,0.333882558333226,0.0882252755861157,0.359861803656258,0.159436501333601,0.72764726077787,"Hospitality","Existing","Hotel","Los Angeles, CA","Hollywood/Beverly Hills","Los Angeles/Long Beach","Los Angeles","Los Angeles","90045","07/01/1973","Marriott International","Sichuan Xinglida Group Enterprises Co., Ltd.","Upper Upscale","Los Angeles Department Of Water & Power","Marriott","N","4 Star","Urban","Sichuan Xinglida Group Enterprises Co., Ltd.","XLD LAX Owner LLC",193.09,106.333833963437,145.42,112.157887498281
"Aug 2023",645271,0.023,520289,0.077,110576525,0.145,0.806,0.053,212.53,0.063,171.36,0.12,7512500,0.044,5639490,0.108,1129916351,0.153,0.751,0.061,200.36,0.041,150.4,0.105,226813,34456555,0.076,"AllTreated","Aug",2023,2023-08-01,135,20389,20389,53569762.7567846,1974.27083231154,702962.107415021,2015.14010495788,7.19558569339184,4.32540417769184,6.71174377224199,0.84954184954185,3.52292903035951,36.7842807009231,71917.7782137427,111644.503408701,14309.0612585218,3800.20653293443,612.78566874295,100.463534258669,132.340919123057,10.6770807788513,13800.0511059885,1783.1317377017,8454.92883417529,2429.19794987493,10040.4494580411,8057.48565402913,2646.72607778704,946509.200843592,24658.5133650498,111644.503408701,946509.200843592,16439.4500465938,3800.20653293443,2429.19794987493,8454.92883417529,14309.0612585218,45432.8446221002,0.333882558333226,0.0882252755861157,0.359861803656258,0.159436501333601,0.72764726077787,"Hospitality","Existing","Hotel","Los Angeles, CA","Hollywood/Beverly Hills","Los Angeles/Long Beach","Los Angeles","Los Angeles","90045","07/01/1973","Marriott International","Sichuan Xinglida Group Enterprises Co., Ltd.","Upper Upscale","Los Angeles Department Of Water & Power","Marriott","N","4 Star","Urban","Sichuan Xinglida Group Enterprises Co., Ltd.","XLD LAX Owner LLC",193.09,110.067844010565,145.42,117.837986521799
"Sep 2023",624456,0.023,473889,-0.01,92697350,-0.03,0.759,-0.032,195.61,-0.02,148.44,-0.051,7526392,0.039,5634810,0.083,1127061487,0.114,0.749,0.042,200.02,0.029,149.75,0.072,228792,34456555,0.076,"AllTreated","Sep",2023,2023-09-01,135,20389,20389,53569762.7567846,1974.27083231154,702962.107415021,2015.14010495788,7.19558569339184,4.32540417769184,6.71174377224199,0.84954184954185,3.52292903035951,36.7842807009231,71917.7782137427,111644.503408701,14309.0612585218,3800.20653293443,612.78566874295,100.463534258669,132.340919123057,10.6770807788513,13800.0511059885,1783.1317377017,8454.92883417529,2429.19794987493,10040.4494580411,8057.48565402913,2646.72607778704,946509.200843592,24658.5133650498,111644.503408701,946509.200843592,16439.4500465938,3800.20653293443,2429.19794987493,8454.92883417529,14309.0612585218,45432.8446221002,0.333882558333226,0.0882252755861157,0.359861803656258,0.159436501333601,0.72764726077787,"Hospitality","Existing","Hotel","Los Angeles, CA","Hollywood/Beverly Hills","Los Angeles/Long Beach","Los Angeles","Los Angeles","90045","07/01/1973","Marriott International","Sichuan Xinglida Group Enterprises Co., Ltd.","Upper Upscale","Los Angeles Department Of Water & Power","Marriott","N","4 Star","Urban","Sichuan Xinglida Group Enterprises Co., Ltd.","XLD LAX Owner LLC",193.09,101.305090890258,145.42,102.076743226516
"Oct 2023",645271,0.023,515727,0.032,107902085,0.042,0.799,0.009,209.22,0.009,167.22,0.019,7540747,0.035,5650900,0.07,1131411319,0.09,0.749,0.034,200.22,0.019,150.04,0.054,230874,34456555,0.076,"AllTreated","Oct",2023,2023-10-01,135,20389,20389,53569762.7567846,1974.27083231154,702962.107415021,2015.14010495788,7.19558569339184,4.32540417769184,6.71174377224199,0.84954184954185,3.52292903035951,36.7842807009231,71917.7782137427,111644.503408701,14309.0612585218,3800.20653293443,612.78566874295,100.463534258669,132.340919123057,10.6770807788513,13800.0511059885,1783.1317377017,8454.92883417529,2429.19794987493,10040.4494580411,8057.48565402913,2646.72607778704,946509.200843592,24658.5133650498,111644.503408701,946509.200843592,16439.4500465938,3800.20653293443,2429.19794987493,8454.92883417529,14309.0612585218,45432.8446221002,0.333882558333226,0.0882252755861157,0.359861803656258,0.159436501333601,0.72764726077787,"Hospitality","Existing","Hotel","Los Angeles, CA","Hollywood/Beverly Hills","Los Angeles/Long Beach","Los Angeles","Los Angeles","90045","07/01/1973","Marriott International","Sichuan Xinglida Group Enterprises Co., Ltd.","Upper Upscale","Los Angeles Department Of Water & Power","Marriott","N","4 Star","Urban","Sichuan Xinglida Group Enterprises Co., Ltd.","XLD LAX Owner LLC",193.09,108.353617484075,145.42,114.99106037684
"Nov 2023",622660,0.02,439373,0.012,83244986,-0.012,0.706,-0.007,189.46,-0.024,133.69,-0.031,7552843,0.033,5656227,0.063,1130389098,0.075,0.749,0.029,199.85,0.011,149.66,0.041,232955,34456555,0.077,"AllTreated","Nov",2023,2023-11-01,135,20389,20389,53569762.7567846,1974.27083231154,702962.107415021,2015.14010495788,7.19558569339184,4.32540417769184,6.71174377224199,0.84954184954185,3.52292903035951,36.7842807009231,71917.7782137427,111644.503408701,14309.0612585218,3800.20653293443,612.78566874295,100.463534258669,132.340919123057,10.6770807788513,13800.0511059885,1783.1317377017,8454.92883417529,2429.19794987493,10040.4494580411,8057.48565402913,2646.72607778704,946509.200843592,24658.5133650498,111644.503408701,946509.200843592,16439.4500465938,3800.20653293443,2429.19794987493,8454.92883417529,14309.0612585218,45432.8446221002,0.333882558333226,0.0882252755861157,0.359861803656258,0.159436501333601,0.72764726077787,"Hospitality","Existing","Hotel","Los Angeles, CA","Hollywood/Beverly Hills","Los Angeles/Long Beach","Los Angeles","Los Angeles","90045","07/01/1973","Marriott International","Sichuan Xinglida Group Enterprises Co., Ltd.","Upper Upscale","Los Angeles Department Of Water & Power","Marriott","N","4 Star","Urban","Sichuan Xinglida Group Enterprises Co., Ltd.","XLD LAX Owner LLC",193.09,98.1200476461754,145.42,91.9337092559483
"Dec 2023",643415,0.015,424902,0.027,77210235,0.034,0.66,0.012,181.71,0.007,120,0.019,7562250,0.03,5667497,0.061,1132951660,0.072,0.749,0.03,199.9,0.01,149.82,0.04,235037,34456555,0.077,"AllTreated","Dec",2023,2023-12-01,135,20389,20389,53569762.7567846,1974.27083231154,702962.107415021,2015.14010495788,7.19558569339184,4.32540417769184,6.71174377224199,0.84954184954185,3.52292903035951,36.7842807009231,71917.7782137427,111644.503408701,14309.0612585218,3800.20653293443,612.78566874295,100.463534258669,132.340919123057,10.6770807788513,13800.0511059885,1783.1317377017,8454.92883417529,2429.19794987493,10040.4494580411,8057.48565402913,2646.72607778704,946509.200843592,24658.5133650498,111644.503408701,946509.200843592,16439.4500465938,3800.20653293443,2429.19794987493,8454.92883417529,14309.0612585218,45432.8446221002,0.333882558333226,0.0882252755861157,0.359861803656258,0.159436501333601,0.72764726077787,"Hospitality","Existing","Hotel","Los Angeles, CA","Hollywood/Beverly Hills","Los Angeles/Long Beach","Los Angeles","Los Angeles","90045","07/01/1973","Marriott International","Sichuan Xinglida Group Enterprises Co., Ltd.","Upper Upscale","Los Angeles Department Of Water & Power","Marriott","N","4 Star","Urban","Sichuan Xinglida Group Enterprises Co., Ltd.","XLD LAX Owner LLC",193.09,94.1063752654203,145.42,82.5195984046211
"Jan 2024",643415,0.012,419360,0.012,76134413,-0.021,0.652,0,181.55,-0.033,118.33,-0.033,7569606,0.028,5672272,0.044,1131283253,0.047,0.749,0.016,199.44,0.002,149.45,0.018,238561,15150000,0.077,"AllTreated","Jan",2024,2024-01-01,135,20389,20389,53569762.7567846,1974.27083231154,702962.107415021,2015.14010495788,7.19558569339184,4.32540417769184,6.71174377224199,0.84954184954185,3.52292903035951,36.7842807009231,71917.7782137427,111644.503408701,14309.0612585218,3800.20653293443,612.78566874295,100.463534258669,132.340919123057,10.6770807788513,13800.0511059885,1783.1317377017,8454.92883417529,2429.19794987493,10040.4494580411,8057.48565402913,2646.72607778704,946509.200843592,24658.5133650498,111644.503408701,946509.200843592,16439.4500465938,3800.20653293443,2429.19794987493,8454.92883417529,14309.0612585218,45432.8446221002,0.333882558333226,0.0882252755861157,0.359861803656258,0.159436501333601,0.72764726077787,"Hospitality","Existing","Hotel","Los Angeles, CA","Hollywood/Beverly Hills","Los Angeles/Long Beach","Los Angeles","Los Angeles","90045","07/01/1973","Marriott International","Sichuan Xinglida Group Enterprises Co., Ltd.","Upper Upscale","Los Angeles Department Of Water & Power","Marriott","N","4 Star","Urban","Sichuan Xinglida Group Enterprises Co., Ltd.","XLD LAX Owner LLC",193.09,94.0235123517531,145.42,81.3712006601568
"Feb 2024",584383,0.017,420125,-0.025,80580755,-0.037,0.719,-0.041,191.8,-0.012,137.89,-0.053,7579484,0.027,5661572,0.032,1128212895,0.042,0.747,0.005,199.28,0.01,148.85,0.015,242086,15150000,0.077,"AllTreated","Feb",2024,2024-02-01,135,20389,20389,53569762.7567846,1974.27083231154,702962.107415021,2015.14010495788,7.19558569339184,4.32540417769184,6.71174377224199,0.84954184954185,3.52292903035951,36.7842807009231,71917.7782137427,111644.503408701,14309.0612585218,3800.20653293443,612.78566874295,100.463534258669,132.340919123057,10.6770807788513,13800.0511059885,1783.1317377017,8454.92883417529,2429.19794987493,10040.4494580411,8057.48565402913,2646.72607778704,946509.200843592,24658.5133650498,111644.503408701,946509.200843592,16439.4500465938,3800.20653293443,2429.19794987493,8454.92883417529,14309.0612585218,45432.8446221002,0.333882558333226,0.0882252755861157,0.359861803656258,0.159436501333601,0.72764726077787,"Hospitality","Existing","Hotel","Los Angeles, CA","Hollywood/Beverly Hills","Los Angeles/Long Beach","Los Angeles","Los Angeles","90045","07/01/1973","Marriott International","Sichuan Xinglida Group Enterprises Co., Ltd.","Upper Upscale","Los Angeles Department Of Water & Power","Marriott","N","4 Star","Urban","Sichuan Xinglida Group Enterprises Co., Ltd.","XLD LAX Owner LLC",193.09,99.3319177585582,145.42,94.82189520011
"Mar 2024",646996,0.017,496093,-0.009,96870280,-0.043,0.767,-0.026,195.27,-0.034,149.72,-0.059,7590421,0.025,5657091,0.022,1123865993,0.024,0.745,-0.003,198.67,0.001,148.06,-0.002,245610,NA,0.077,"AllTreated","Mar",2024,2024-03-01,135,20389,20389,53569762.7567846,1974.27083231154,702962.107415021,2015.14010495788,7.19558569339184,4.32540417769184,6.71174377224199,0.84954184954185,3.52292903035951,36.7842807009231,71917.7782137427,111644.503408701,14309.0612585218,3800.20653293443,612.78566874295,100.463534258669,132.340919123057,10.6770807788513,13800.0511059885,1783.1317377017,8454.92883417529,2429.19794987493,10040.4494580411,8057.48565402913,2646.72607778704,946509.200843592,24658.5133650498,111644.503408701,946509.200843592,16439.4500465938,3800.20653293443,2429.19794987493,8454.92883417529,14309.0612585218,45432.8446221002,0.333882558333226,0.0882252755861157,0.359861803656258,0.159436501333601,0.72764726077787,"Hospitality","Existing","Hotel","Los Angeles, CA","Hollywood/Beverly Hills","Los Angeles/Long Beach","Los Angeles","Los Angeles","90045","07/01/1973","Marriott International","Sichuan Xinglida Group Enterprises Co., Ltd.","Upper Upscale","Los Angeles Department Of Water & Power","Marriott","N","4 Star","Urban","Sichuan Xinglida Group Enterprises Co., Ltd.","XLD LAX Owner LLC",193.09,101.129007198716,145.42,102.956952276166
"Apr 2024",626125,0.007,458235,-0.037,86931869,-0.1,0.732,-0.044,189.71,-0.066,138.84,-0.106,7594484,0.022,5639348,0.015,1114160376,0.008,0.743,-0.007,197.57,-0.007,146.71,-0.014,248894,NA,0.078,"AllTreated","Apr",2024,2024-04-01,135,20389,20389,53569762.7567846,1974.27083231154,702962.107415021,2015.14010495788,7.19558569339184,4.32540417769184,6.71174377224199,0.84954184954185,3.52292903035951,36.7842807009231,71917.7782137427,111644.503408701,14309.0612585218,3800.20653293443,612.78566874295,100.463534258669,132.340919123057,10.6770807788513,13800.0511059885,1783.1317377017,8454.92883417529,2429.19794987493,10040.4494580411,8057.48565402913,2646.72607778704,946509.200843592,24658.5133650498,111644.503408701,946509.200843592,16439.4500465938,3800.20653293443,2429.19794987493,8454.92883417529,14309.0612585218,45432.8446221002,0.333882558333226,0.0882252755861157,0.359861803656258,0.159436501333601,0.72764726077787,"Hospitality","Existing","Hotel","Los Angeles, CA","Hollywood/Beverly Hills","Los Angeles/Long Beach","Los Angeles","Los Angeles","90045","07/01/1973","Marriott International","Sichuan Xinglida Group Enterprises Co., Ltd.","Upper Upscale","Los Angeles Department Of Water & Power","Marriott","N","4 Star","Urban","Sichuan Xinglida Group Enterprises Co., Ltd.","XLD LAX Owner LLC",193.09,98.2495209487804,145.42,95.4751753541466
"May 2024",644652,0.003,489990,0.021,95495513,-0.016,0.76,0.018,194.89,-0.037,148.13,-0.019,7596339,0.019,5649598,0.013,1112592595,0.001,0.744,-0.006,196.93,-0.012,146.46,-0.017,252177,NA,0.078,"AllTreated","May",2024,2024-05-01,135,20389,20389,53569762.7567846,1974.27083231154,702962.107415021,2015.14010495788,7.19558569339184,4.32540417769184,6.71174377224199,0.84954184954185,3.52292903035951,36.7842807009231,71917.7782137427,111644.503408701,14309.0612585218,3800.20653293443,612.78566874295,100.463534258669,132.340919123057,10.6770807788513,13800.0511059885,1783.1317377017,8454.92883417529,2429.19794987493,10040.4494580411,8057.48565402913,2646.72607778704,946509.200843592,24658.5133650498,111644.503408701,946509.200843592,16439.4500465938,3800.20653293443,2429.19794987493,8454.92883417529,14309.0612585218,45432.8446221002,0.333882558333226,0.0882252755861157,0.359861803656258,0.159436501333601,0.72764726077787,"Hospitality","Existing","Hotel","Los Angeles, CA","Hollywood/Beverly Hills","Los Angeles/Long Beach","Los Angeles","Los Angeles","90045","07/01/1973","Marriott International","Sichuan Xinglida Group Enterprises Co., Ltd.","Upper Upscale","Los Angeles Department Of Water & Power","Marriott","N","4 Star","Urban","Sichuan Xinglida Group Enterprises Co., Ltd.","XLD LAX Owner LLC",193.09,100.932207778756,145.42,101.863567597304
"Jun 2024",623857,-0.001,482134,0.006,94920869,-0.048,0.773,0.007,196.88,-0.054,152.15,-0.047,7595772,0.015,5652699,0.012,1107806594,-0.006,0.744,-0.003,195.98,-0.018,145.85,-0.021,255461,NA,0.078,"AllTreated","Jun",2024,2024-06-01,135,20389,20389,53569762.7567846,1974.27083231154,702962.107415021,2015.14010495788,7.19558569339184,4.32540417769184,6.71174377224199,0.84954184954185,3.52292903035951,36.7842807009231,71917.7782137427,111644.503408701,14309.0612585218,3800.20653293443,612.78566874295,100.463534258669,132.340919123057,10.6770807788513,13800.0511059885,1783.1317377017,8454.92883417529,2429.19794987493,10040.4494580411,8057.48565402913,2646.72607778704,946509.200843592,24658.5133650498,111644.503408701,946509.200843592,16439.4500465938,3800.20653293443,2429.19794987493,8454.92883417529,14309.0612585218,45432.8446221002,0.333882558333226,0.0882252755861157,0.359861803656258,0.159436501333601,0.72764726077787,"Hospitality","Existing","Hotel","Los Angeles, CA","Hollywood/Beverly Hills","Los Angeles/Long Beach","Los Angeles","Los Angeles","90045","07/01/1973","Marriott International","Sichuan Xinglida Group Enterprises Co., Ltd.","Upper Upscale","Los Angeles Department Of Water & Power","Marriott","N","4 Star","Urban","Sichuan Xinglida Group Enterprises Co., Ltd.","XLD LAX Owner LLC",193.09,101.962815267492,145.42,104.627974143859
"Jul 2024",644652,-0.001,516781,0.008,105250007,0,0.802,0.009,203.66,-0.008,163.27,0.001,7595153,0.013,5656898,0.01,1107814888,-0.007,0.745,-0.003,195.83,-0.017,145.86,-0.02,258011,NA,0.078,"AllTreated","Jul",2024,2024-07-01,135,20389,20389,53569762.7567846,1974.27083231154,702962.107415021,2015.14010495788,7.19558569339184,4.32540417769184,6.71174377224199,0.84954184954185,3.52292903035951,36.7842807009231,71917.7782137427,111644.503408701,14309.0612585218,3800.20653293443,612.78566874295,100.463534258669,132.340919123057,10.6770807788513,13800.0511059885,1783.1317377017,8454.92883417529,2429.19794987493,10040.4494580411,8057.48565402913,2646.72607778704,946509.200843592,24658.5133650498,111644.503408701,946509.200843592,16439.4500465938,3800.20653293443,2429.19794987493,8454.92883417529,14309.0612585218,45432.8446221002,0.333882558333226,0.0882252755861157,0.359861803656258,0.159436501333601,0.72764726077787,"Hospitality","Existing","Hotel","Los Angeles, CA","Hollywood/Beverly Hills","Los Angeles/Long Beach","Los Angeles","Los Angeles","90045","07/01/1973","Marriott International","Sichuan Xinglida Group Enterprises Co., Ltd.","Upper Upscale","Los Angeles Department Of Water & Power","Marriott","N","4 Star","Urban","Sichuan Xinglida Group Enterprises Co., Ltd.","XLD LAX Owner LLC",193.09,105.47413123414,145.42,112.274790262687
"Aug 2024",644620,-0.001,511686,-0.017,99166683,-0.103,0.794,-0.016,193.8,-0.088,153.84,-0.102,7594502,0.011,5648295,0.002,1096405046,-0.03,0.744,-0.009,194.11,-0.031,144.37,-0.04,260562,NA,0.078,"AllTreated","Aug",2024,2024-08-01,135,20389,20389,53569762.7567846,1974.27083231154,702962.107415021,2015.14010495788,7.19558569339184,4.32540417769184,6.71174377224199,0.84954184954185,3.52292903035951,36.7842807009231,71917.7782137427,111644.503408701,14309.0612585218,3800.20653293443,612.78566874295,100.463534258669,132.340919123057,10.6770807788513,13800.0511059885,1783.1317377017,8454.92883417529,2429.19794987493,10040.4494580411,8057.48565402913,2646.72607778704,946509.200843592,24658.5133650498,111644.503408701,946509.200843592,16439.4500465938,3800.20653293443,2429.19794987493,8454.92883417529,14309.0612585218,45432.8446221002,0.333882558333226,0.0882252755861157,0.359861803656258,0.159436501333601,0.72764726077787,"Hospitality","Existing","Hotel","Los Angeles, CA","Hollywood/Beverly Hills","Los Angeles/Long Beach","Los Angeles","Los Angeles","90045","07/01/1973","Marriott International","Sichuan Xinglida Group Enterprises Co., Ltd.","Upper Upscale","Los Angeles Department Of Water & Power","Marriott","N","4 Star","Urban","Sichuan Xinglida Group Enterprises Co., Ltd.","XLD LAX Owner LLC",193.09,100.367704179398,145.42,105.790125154724
"Sep 2024",623826,-0.001,488915,0.032,95593899,0.031,0.784,0.033,195.52,0,153.24,0.032,7593872,0.009,5663321,0.005,1099301595,-0.025,0.746,-0.004,194.11,-0.03,144.76,-0.033,263112,NA,0.078,"AllTreated","Sep",2024,2024-09-01,135,20389,20389,53569762.7567846,1974.27083231154,702962.107415021,2015.14010495788,7.19558569339184,4.32540417769184,6.71174377224199,0.84954184954185,3.52292903035951,36.7842807009231,71917.7782137427,111644.503408701,14309.0612585218,3800.20653293443,612.78566874295,100.463534258669,132.340919123057,10.6770807788513,13800.0511059885,1783.1317377017,8454.92883417529,2429.19794987493,10040.4494580411,8057.48565402913,2646.72607778704,946509.200843592,24658.5133650498,111644.503408701,946509.200843592,16439.4500465938,3800.20653293443,2429.19794987493,8454.92883417529,14309.0612585218,45432.8446221002,0.333882558333226,0.0882252755861157,0.359861803656258,0.159436501333601,0.72764726077787,"Hospitality","Existing","Hotel","Los Angeles, CA","Hollywood/Beverly Hills","Los Angeles/Long Beach","Los Angeles","Los Angeles","90045","07/01/1973","Marriott International","Sichuan Xinglida Group Enterprises Co., Ltd.","Upper Upscale","Los Angeles Department Of Water & Power","Marriott","N","4 Star","Urban","Sichuan Xinglida Group Enterprises Co., Ltd.","XLD LAX Owner LLC",193.09,101.258480501321,145.42,105.377527162701
"Oct 2024",644620,-0.001,512735,-0.006,103036161,-0.045,0.795,-0.005,200.95,-0.04,159.84,-0.044,7593221,0.007,5660329,0.002,1094435671,-0.033,0.745,-0.005,193.35,-0.034,144.13,-0.039,264723,NA,0.078,"AllTreated","Oct",2024,2024-10-01,135,20389,20389,53569762.7567846,1974.27083231154,702962.107415021,2015.14010495788,7.19558569339184,4.32540417769184,6.71174377224199,0.84954184954185,3.52292903035951,36.7842807009231,71917.7782137427,111644.503408701,14309.0612585218,3800.20653293443,612.78566874295,100.463534258669,132.340919123057,10.6770807788513,13800.0511059885,1783.1317377017,8454.92883417529,2429.19794987493,10040.4494580411,8057.48565402913,2646.72607778704,946509.200843592,24658.5133650498,111644.503408701,946509.200843592,16439.4500465938,3800.20653293443,2429.19794987493,8454.92883417529,14309.0612585218,45432.8446221002,0.333882558333226,0.0882252755861157,0.359861803656258,0.159436501333601,0.72764726077787,"Hospitality","Existing","Hotel","Los Angeles, CA","Hollywood/Beverly Hills","Los Angeles/Long Beach","Los Angeles","Los Angeles","90045","07/01/1973","Marriott International","Sichuan Xinglida Group Enterprises Co., Ltd.","Upper Upscale","Los Angeles Department Of Water & Power","Marriott","N","4 Star","Urban","Sichuan Xinglida Group Enterprises Co., Ltd.","XLD LAX Owner LLC",193.09,104.070640633901,145.42,109.916105074955
"Nov 2024",626976,0.007,445414,0.014,81542498,-0.02,0.71,0.007,183.07,-0.034,130.06,-0.027,7597537,0.006,5666370,0.002,1092733183,-0.033,0.746,-0.004,192.85,-0.035,143.83,-0.039,266333,NA,0.079,"AllTreated","Nov",2024,2024-11-01,135,20389,20389,53569762.7567846,1974.27083231154,702962.107415021,2015.14010495788,7.19558569339184,4.32540417769184,6.71174377224199,0.84954184954185,3.52292903035951,36.7842807009231,71917.7782137427,111644.503408701,14309.0612585218,3800.20653293443,612.78566874295,100.463534258669,132.340919123057,10.6770807788513,13800.0511059885,1783.1317377017,8454.92883417529,2429.19794987493,10040.4494580411,8057.48565402913,2646.72607778704,946509.200843592,24658.5133650498,111644.503408701,946509.200843592,16439.4500465938,3800.20653293443,2429.19794987493,8454.92883417529,14309.0612585218,45432.8446221002,0.333882558333226,0.0882252755861157,0.359861803656258,0.159436501333601,0.72764726077787,"Hospitality","Existing","Hotel","Los Angeles, CA","Hollywood/Beverly Hills","Los Angeles/Long Beach","Los Angeles","Los Angeles","90045","07/01/1973","Marriott International","Sichuan Xinglida Group Enterprises Co., Ltd.","Upper Upscale","Los Angeles Department Of Water & Power","Marriott","N","4 Star","Urban","Sichuan Xinglida Group Enterprises Co., Ltd.","XLD LAX Owner LLC",193.09,94.8107100315915,145.42,89.4374914042085
"Dec 2024",647907,0.007,421201,-0.009,74615700,-0.034,0.65,-0.016,177.15,-0.025,115.16,-0.04,7602029,0.005,5662669,-0.001,1090138647,-0.038,0.745,-0.006,192.51,-0.037,143.4,-0.043,267943,9e+06,0.079,"AllTreated","Dec",2024,2024-12-01,135,20389,20389,53569762.7567846,1974.27083231154,702962.107415021,2015.14010495788,7.19558569339184,4.32540417769184,6.71174377224199,0.84954184954185,3.52292903035951,36.7842807009231,71917.7782137427,111644.503408701,14309.0612585218,3800.20653293443,612.78566874295,100.463534258669,132.340919123057,10.6770807788513,13800.0511059885,1783.1317377017,8454.92883417529,2429.19794987493,10040.4494580411,8057.48565402913,2646.72607778704,946509.200843592,24658.5133650498,111644.503408701,946509.200843592,16439.4500465938,3800.20653293443,2429.19794987493,8454.92883417529,14309.0612585218,45432.8446221002,0.333882558333226,0.0882252755861157,0.359861803656258,0.159436501333601,0.72764726077787,"Hospitality","Existing","Hotel","Los Angeles, CA","Hollywood/Beverly Hills","Los Angeles/Long Beach","Los Angeles","Los Angeles","90045","07/01/1973","Marriott International","Sichuan Xinglida Group Enterprises Co., Ltd.","Upper Upscale","Los Angeles Department Of Water & Power","Marriott","N","4 Star","Urban","Sichuan Xinglida Group Enterprises Co., Ltd.","XLD LAX Owner LLC",193.09,91.744782225905,145.42,79.1913079356347
"Jan 2025",647907,0.007,421198,0.004,75134064,-0.013,0.65,-0.003,178.38,-0.017,115.96,-0.02,7606521,0.005,5664507,-0.001,1089138298,-0.037,0.745,-0.006,192.27,-0.036,143.18,-0.042,269263,10700000,0.079,"AllTreated","Jan",2025,2025-01-01,135,20389,20389,53569762.7567846,1974.27083231154,702962.107415021,2015.14010495788,7.19558569339184,4.32540417769184,6.71174377224199,0.84954184954185,3.52292903035951,36.7842807009231,71917.7782137427,111644.503408701,14309.0612585218,3800.20653293443,612.78566874295,100.463534258669,132.340919123057,10.6770807788513,13800.0511059885,1783.1317377017,8454.92883417529,2429.19794987493,10040.4494580411,8057.48565402913,2646.72607778704,946509.200843592,24658.5133650498,111644.503408701,946509.200843592,16439.4500465938,3800.20653293443,2429.19794987493,8454.92883417529,14309.0612585218,45432.8446221002,0.333882558333226,0.0882252755861157,0.359861803656258,0.159436501333601,0.72764726077787,"Hospitality","Existing","Hotel","Los Angeles, CA","Hollywood/Beverly Hills","Los Angeles/Long Beach","Los Angeles","Los Angeles","90045","07/01/1973","Marriott International","Sichuan Xinglida Group Enterprises Co., Ltd.","Upper Upscale","Los Angeles Department Of Water & Power","Marriott","N","4 Star","Urban","Sichuan Xinglida Group Enterprises Co., Ltd.","XLD LAX Owner LLC",193.09,92.3817908747216,145.42,79.7414385916655
"Feb 2025",585206,0.001,435569,0.037,81619765,0.013,0.744,0.035,187.39,-0.023,139.47,0.011,7607344,0.004,5679950,0.003,1090177308,-0.034,0.747,0,191.93,-0.037,143.31,-0.037,270584,10700000,0.079,"AllTreated","Feb",2025,2025-02-01,135,20389,20389,53569762.7567846,1974.27083231154,702962.107415021,2015.14010495788,7.19558569339184,4.32540417769184,6.71174377224199,0.84954184954185,3.52292903035951,36.7842807009231,71917.7782137427,111644.503408701,14309.0612585218,3800.20653293443,612.78566874295,100.463534258669,132.340919123057,10.6770807788513,13800.0511059885,1783.1317377017,8454.92883417529,2429.19794987493,10040.4494580411,8057.48565402913,2646.72607778704,946509.200843592,24658.5133650498,111644.503408701,946509.200843592,16439.4500465938,3800.20653293443,2429.19794987493,8454.92883417529,14309.0612585218,45432.8446221002,0.333882558333226,0.0882252755861157,0.359861803656258,0.159436501333601,0.72764726077787,"Hospitality","Existing","Hotel","Los Angeles, CA","Hollywood/Beverly Hills","Los Angeles/Long Beach","Los Angeles","Los Angeles","90045","07/01/1973","Marriott International","Sichuan Xinglida Group Enterprises Co., Ltd.","Upper Upscale","Los Angeles Department Of Water & Power","Marriott","N","4 Star","Urban","Sichuan Xinglida Group Enterprises Co., Ltd.","XLD LAX Owner LLC",193.09,97.0480087006059,145.42,95.9084032457709
"Mar 2025",652204,0.008,487338,-0.018,92310609,-0.047,0.747,-0.025,189.42,-0.03,141.54,-0.055,7612552,0.003,5671195,0.002,1085617637,-0.034,0.745,0,191.43,-0.036,142.61,-0.037,271904,10700000,0.079,"AllTreated","Mar",2025,2025-03-01,135,20389,20389,53569762.7567846,1974.27083231154,702962.107415021,2015.14010495788,7.19558569339184,4.32540417769184,6.71174377224199,0.84954184954185,3.52292903035951,36.7842807009231,71917.7782137427,111644.503408701,14309.0612585218,3800.20653293443,612.78566874295,100.463534258669,132.340919123057,10.6770807788513,13800.0511059885,1783.1317377017,8454.92883417529,2429.19794987493,10040.4494580411,8057.48565402913,2646.72607778704,946509.200843592,24658.5133650498,111644.503408701,946509.200843592,16439.4500465938,3800.20653293443,2429.19794987493,8454.92883417529,14309.0612585218,45432.8446221002,0.333882558333226,0.0882252755861157,0.359861803656258,0.159436501333601,0.72764726077787,"Hospitality","Existing","Hotel","Los Angeles, CA","Hollywood/Beverly Hills","Los Angeles/Long Beach","Los Angeles","Los Angeles","90045","07/01/1973","Marriott International","Sichuan Xinglida Group Enterprises Co., Ltd.","Upper Upscale","Los Angeles Department Of Water & Power","Marriott","N","4 Star","Urban","Sichuan Xinglida Group Enterprises Co., Ltd.","XLD LAX Owner LLC",193.09,98.0993319177586,145.42,97.3318663182506
"Apr 2025",629244,0.005,473893,0.034,91505126,0.053,0.753,0.029,193.09,0.018,145.42,0.047,7615671,0.003,5686853,0.008,1090190894,-0.022,0.747,0.006,191.7,-0.03,143.15,-0.024,271891,10700000,0.08,"AllTreated","Apr",2025,2025-04-01,135,20389,20389,53569762.7567846,1974.27083231154,702962.107415021,2015.14010495788,7.19558569339184,4.32540417769184,6.71174377224199,0.84954184954185,3.52292903035951,36.7842807009231,71917.7782137427,111644.503408701,14309.0612585218,3800.20653293443,612.78566874295,100.463534258669,132.340919123057,10.6770807788513,13800.0511059885,1783.1317377017,8454.92883417529,2429.19794987493,10040.4494580411,8057.48565402913,2646.72607778704,946509.200843592,24658.5133650498,111644.503408701,946509.200843592,16439.4500465938,3800.20653293443,2429.19794987493,8454.92883417529,14309.0612585218,45432.8446221002,0.333882558333226,0.0882252755861157,0.359861803656258,0.159436501333601,0.72764726077787,"Hospitality","Existing","Hotel","Los Angeles, CA","Hollywood/Beverly Hills","Los Angeles/Long Beach","Los Angeles","Los Angeles","90045","07/01/1973","Marriott International","Sichuan Xinglida Group Enterprises Co., Ltd.","Upper Upscale","Los Angeles Department Of Water & Power","Marriott","N","4 Star","Urban","Sichuan Xinglida Group Enterprises Co., Ltd.","XLD LAX Owner LLC",193.09,100,145.42,100
"May 2025",650218,0.009,492934,0.006,97166216,0.017,0.758,-0.003,197.12,0.011,149.44,0.009,7621237,0.003,5689797,0.007,1091861597,-0.019,0.747,0.004,191.9,-0.026,143.27,-0.022,271877,42956496,0.08,"AllTreated","May",2025,2025-05-01,135,20389,20389,53569762.7567846,1974.27083231154,702962.107415021,2015.14010495788,7.19558569339184,4.32540417769184,6.71174377224199,0.84954184954185,3.52292903035951,36.7842807009231,71917.7782137427,111644.503408701,14309.0612585218,3800.20653293443,612.78566874295,100.463534258669,132.340919123057,10.6770807788513,13800.0511059885,1783.1317377017,8454.92883417529,2429.19794987493,10040.4494580411,8057.48565402913,2646.72607778704,946509.200843592,24658.5133650498,111644.503408701,946509.200843592,16439.4500465938,3800.20653293443,2429.19794987493,8454.92883417529,14309.0612585218,45432.8446221002,0.333882558333226,0.0882252755861157,0.359861803656258,0.159436501333601,0.72764726077787,"Hospitality","Existing","Hotel","Los Angeles, CA","Hollywood/Beverly Hills","Los Angeles/Long Beach","Los Angeles","Los Angeles","90045","07/01/1973","Marriott International","Sichuan Xinglida Group Enterprises Co., Ltd.","Upper Upscale","Los Angeles Department Of Water & Power","Marriott","N","4 Star","Urban","Sichuan Xinglida Group Enterprises Co., Ltd.","XLD LAX Owner LLC",193.09,102.087109637993,145.42,102.764406546555
"Jun 2025",629244,0.009,465471,-0.035,90100134,-0.051,0.74,-0.043,193.57,-0.017,143.19,-0.059,7626624,0.004,5673134,0.004,1087040862,-0.019,0.744,0,191.61,-0.022,142.53,-0.023,271864,42956496,0.08,"AllTreated","Jun",2025,2025-06-01,135,20389,20389,53569762.7567846,1974.27083231154,702962.107415021,2015.14010495788,7.19558569339184,4.32540417769184,6.71174377224199,0.84954184954185,3.52292903035951,36.7842807009231,71917.7782137427,111644.503408701,14309.0612585218,3800.20653293443,612.78566874295,100.463534258669,132.340919123057,10.6770807788513,13800.0511059885,1783.1317377017,8454.92883417529,2429.19794987493,10040.4494580411,8057.48565402913,2646.72607778704,946509.200843592,24658.5133650498,111644.503408701,946509.200843592,16439.4500465938,3800.20653293443,2429.19794987493,8454.92883417529,14309.0612585218,45432.8446221002,0.333882558333226,0.0882252755861157,0.359861803656258,0.159436501333601,0.72764726077787,"Hospitality","Existing","Hotel","Los Angeles, CA","Hollywood/Beverly Hills","Los Angeles/Long Beach","Los Angeles","Los Angeles","90045","07/01/1973","Marriott International","Sichuan Xinglida Group Enterprises Co., Ltd.","Upper Upscale","Los Angeles Department Of Water & Power","Marriott","N","4 Star","Urban","Sichuan Xinglida Group Enterprises Co., Ltd.","XLD LAX Owner LLC",193.09,100.248588741002,145.42,98.4665107963141
"Jul 2025",650056,0.008,496017,-0.04,94538717,-0.102,0.763,-0.048,190.6,-0.064,145.43,-0.109,7632028,0.005,5652370,-0.001,1076329572,-0.028,0.741,-0.006,190.42,-0.028,141.03,-0.033,272272,42956496,0.08,"AllTreated","Jul",2025,2025-07-01,135,20389,20389,53569762.7567846,1974.27083231154,702962.107415021,2015.14010495788,7.19558569339184,4.32540417769184,6.71174377224199,0.84954184954185,3.52292903035951,36.7842807009231,71917.7782137427,111644.503408701,14309.0612585218,3800.20653293443,612.78566874295,100.463534258669,132.340919123057,10.6770807788513,13800.0511059885,1783.1317377017,8454.92883417529,2429.19794987493,10040.4494580411,8057.48565402913,2646.72607778704,946509.200843592,24658.5133650498,111644.503408701,946509.200843592,16439.4500465938,3800.20653293443,2429.19794987493,8454.92883417529,14309.0612585218,45432.8446221002,0.333882558333226,0.0882252755861157,0.359861803656258,0.159436501333601,0.72764726077787,"Hospitality","Existing","Hotel","Los Angeles, CA","Hollywood/Beverly Hills","Los Angeles/Long Beach","Los Angeles","Los Angeles","90045","07/01/1973","Marriott International","Sichuan Xinglida Group Enterprises Co., Ltd.","Upper Upscale","Los Angeles Department Of Water & Power","Marriott","N","4 Star","Urban","Sichuan Xinglida Group Enterprises Co., Ltd.","XLD LAX Owner LLC",193.09,98.7104459060542,145.42,100.0068766332
"Aug 2025",650056,0.008,500229,-0.022,93156451,-0.061,0.77,-0.031,186.23,-0.039,143.31,-0.068,7637464,0.006,5640913,-0.001,1070319339,-0.024,0.739,-0.007,189.74,-0.023,140.14,-0.029,272679,87956496,0.08,"AllTreated","Aug",2025,2025-08-01,135,20389,20389,53569762.7567846,1974.27083231154,702962.107415021,2015.14010495788,7.19558569339184,4.32540417769184,6.71174377224199,0.84954184954185,3.52292903035951,36.7842807009231,71917.7782137427,111644.503408701,14309.0612585218,3800.20653293443,612.78566874295,100.463534258669,132.340919123057,10.6770807788513,13800.0511059885,1783.1317377017,8454.92883417529,2429.19794987493,10040.4494580411,8057.48565402913,2646.72607778704,946509.200843592,24658.5133650498,111644.503408701,946509.200843592,16439.4500465938,3800.20653293443,2429.19794987493,8454.92883417529,14309.0612585218,45432.8446221002,0.333882558333226,0.0882252755861157,0.359861803656258,0.159436501333601,0.72764726077787,"Hospitality","Existing","Hotel","Los Angeles, CA","Hollywood/Beverly Hills","Los Angeles/Long Beach","Los Angeles","Los Angeles","90045","07/01/1973","Marriott International","Sichuan Xinglida Group Enterprises Co., Ltd.","Upper Upscale","Los Angeles Department Of Water & Power","Marriott","N","4 Star","Urban","Sichuan Xinglida Group Enterprises Co., Ltd.","XLD LAX Owner LLC",193.09,96.4472525765187,145.42,98.5490303947188
"Sep 2025",629086,0.008,459051,-0.061,86168439,-0.099,0.73,-0.069,187.71,-0.04,136.97,-0.106,7642724,0.006,5611050,-0.009,1060893879,-0.035,0.734,-0.016,189.07,-0.026,138.81,-0.041,273087,95456496,0.08,"AllTreated","Sep",2025,2025-09-01,135,20389,20389,53569762.7567846,1974.27083231154,702962.107415021,2015.14010495788,7.19558569339184,4.32540417769184,6.71174377224199,0.84954184954185,3.52292903035951,36.7842807009231,71917.7782137427,111644.503408701,14309.0612585218,3800.20653293443,612.78566874295,100.463534258669,132.340919123057,10.6770807788513,13800.0511059885,1783.1317377017,8454.92883417529,2429.19794987493,10040.4494580411,8057.48565402913,2646.72607778704,946509.200843592,24658.5133650498,111644.503408701,946509.200843592,16439.4500465938,3800.20653293443,2429.19794987493,8454.92883417529,14309.0612585218,45432.8446221002,0.333882558333226,0.0882252755861157,0.359861803656258,0.159436501333601,0.72764726077787,"Hospitality","Existing","Hotel","Los Angeles, CA","Hollywood/Beverly Hills","Los Angeles/Long Beach","Los Angeles","Los Angeles","90045","07/01/1973","Marriott International","Sichuan Xinglida Group Enterprises Co., Ltd.","Upper Upscale","Los Angeles Department Of Water & Power","Marriott","N","4 Star","Urban","Sichuan Xinglida Group Enterprises Co., Ltd.","XLD LAX Owner LLC",193.09,97.2137345279403,145.42,94.1892449456746
"Oct 2025",650088,0.008,515811,0.006,102067784,-0.009,0.793,-0.002,197.88,-0.015,157.01,-0.018,7648192,0.007,5614126,-0.008,1059925503,-0.032,0.734,-0.015,188.8,-0.024,138.59,-0.038,273212,95456496,0.08,"AllTreated","Oct",2025,2025-10-01,135,20389,20389,53569762.7567846,1974.27083231154,702962.107415021,2015.14010495788,7.19558569339184,4.32540417769184,6.71174377224199,0.84954184954185,3.52292903035951,36.7842807009231,71917.7782137427,111644.503408701,14309.0612585218,3800.20653293443,612.78566874295,100.463534258669,132.340919123057,10.6770807788513,13800.0511059885,1783.1317377017,8454.92883417529,2429.19794987493,10040.4494580411,8057.48565402913,2646.72607778704,946509.200843592,24658.5133650498,111644.503408701,946509.200843592,16439.4500465938,3800.20653293443,2429.19794987493,8454.92883417529,14309.0612585218,45432.8446221002,0.333882558333226,0.0882252755861157,0.359861803656258,0.159436501333601,0.72764726077787,"Hospitality","Existing","Hotel","Los Angeles, CA","Hollywood/Beverly Hills","Los Angeles/Long Beach","Los Angeles","Los Angeles","90045","07/01/1973","Marriott International","Sichuan Xinglida Group Enterprises Co., Ltd.","Upper Upscale","Los Angeles Department Of Water & Power","Marriott","N","4 Star","Urban","Sichuan Xinglida Group Enterprises Co., Ltd.","XLD LAX Owner LLC",193.09,102.480708477912,145.42,107.970017879246
"Nov 2025",625338,-0.003,433767,-0.026,79474622,-0.025,0.694,-0.024,183.22,0.001,127.09,-0.023,7646554,0.006,5602479,-0.011,1057857627,-0.032,0.733,-0.018,188.82,-0.021,138.34,-0.038,273337,95456496,0.08,"AllTreated","Nov",2025,2025-11-01,135,20389,20389,53569762.7567846,1974.27083231154,702962.107415021,2015.14010495788,7.19558569339184,4.32540417769184,6.71174377224199,0.84954184954185,3.52292903035951,36.7842807009231,71917.7782137427,111644.503408701,14309.0612585218,3800.20653293443,612.78566874295,100.463534258669,132.340919123057,10.6770807788513,13800.0511059885,1783.1317377017,8454.92883417529,2429.19794987493,10040.4494580411,8057.48565402913,2646.72607778704,946509.200843592,24658.5133650498,111644.503408701,946509.200843592,16439.4500465938,3800.20653293443,2429.19794987493,8454.92883417529,14309.0612585218,45432.8446221002,0.333882558333226,0.0882252755861157,0.359861803656258,0.159436501333601,0.72764726077787,"Hospitality","Existing","Hotel","Los Angeles, CA","Hollywood/Beverly Hills","Los Angeles/Long Beach","Los Angeles","Los Angeles","90045","07/01/1973","Marriott International","Sichuan Xinglida Group Enterprises Co., Ltd.","Upper Upscale","Los Angeles Department Of Water & Power","Marriott","N","4 Star","Urban","Sichuan Xinglida Group Enterprises Co., Ltd.","XLD LAX Owner LLC",193.09,94.8883940131545,145.42,87.3951313436941
"Dec 2025",642699,-0.008,415568,-0.013,72247819,-0.032,0.647,-0.005,173.85,-0.019,112.41,-0.024,7641346,0.005,5596846,-0.012,1055489747,-0.032,0.732,-0.017,188.59,-0.02,138.13,-0.037,273462,104856496,0.08,"AllTreated","Dec",2025,2025-12-01,135,20389,20389,53569762.7567846,1974.27083231154,702962.107415021,2015.14010495788,7.19558569339184,4.32540417769184,6.71174377224199,0.84954184954185,3.52292903035951,36.7842807009231,71917.7782137427,111644.503408701,14309.0612585218,3800.20653293443,612.78566874295,100.463534258669,132.340919123057,10.6770807788513,13800.0511059885,1783.1317377017,8454.92883417529,2429.19794987493,10040.4494580411,8057.48565402913,2646.72607778704,946509.200843592,24658.5133650498,111644.503408701,946509.200843592,16439.4500465938,3800.20653293443,2429.19794987493,8454.92883417529,14309.0612585218,45432.8446221002,0.333882558333226,0.0882252755861157,0.359861803656258,0.159436501333601,0.72764726077787,"Hospitality","Existing","Hotel","Los Angeles, CA","Hollywood/Beverly Hills","Los Angeles/Long Beach","Los Angeles","Los Angeles","90045","07/01/1973","Marriott International","Sichuan Xinglida Group Enterprises Co., Ltd.","Upper Upscale","Los Angeles Department Of Water & Power","Marriott","N","4 Star","Urban","Sichuan Xinglida Group Enterprises Co., Ltd.","XLD LAX Owner LLC",193.09,90.035734631519,145.42,77.3002338055288
"Jan 2026",642699,-0.008,432436,0.027,78426690,0.044,0.673,0.035,181.36,0.017,122.03,0.052,7636138,0.004,5608085,-0.01,1058782373,-0.028,0.734,-0.014,188.8,-0.018,138.65,-0.032,272265,153473833,0.08,"AllTreated","Jan",2026,2026-01-01,135,20389,20389,53569762.7567846,1974.27083231154,702962.107415021,2015.14010495788,7.19558569339184,4.32540417769184,6.71174377224199,0.84954184954185,3.52292903035951,36.7842807009231,71917.7782137427,111644.503408701,14309.0612585218,3800.20653293443,612.78566874295,100.463534258669,132.340919123057,10.6770807788513,13800.0511059885,1783.1317377017,8454.92883417529,2429.19794987493,10040.4494580411,8057.48565402913,2646.72607778704,946509.200843592,24658.5133650498,111644.503408701,946509.200843592,16439.4500465938,3800.20653293443,2429.19794987493,8454.92883417529,14309.0612585218,45432.8446221002,0.333882558333226,0.0882252755861157,0.359861803656258,0.159436501333601,0.72764726077787,"Hospitality","Existing","Hotel","Los Angeles, CA","Hollywood/Beverly Hills","Los Angeles/Long Beach","Los Angeles","Los Angeles","90045","07/01/1973","Marriott International","Sichuan Xinglida Group Enterprises Co., Ltd.","Upper Upscale","Los Angeles Department Of Water & Power","Marriott","N","4 Star","Urban","Sichuan Xinglida Group Enterprises Co., Ltd.","XLD LAX Owner LLC",193.09,93.9251126417733,145.42,83.9155549442993
"Feb 2026",580532,-0.008,450488,0.034,90838385,0.113,0.776,0.043,201.64,0.076,156.47,0.122,7631464,0.003,5623004,-0.01,1068000993,-0.02,0.737,-0.013,189.93,-0.01,139.95,-0.023,271068,153473833,0.081,"AllTreated","Feb",2026,2026-02-01,135,20389,20389,53569762.7567846,1974.27083231154,702962.107415021,2015.14010495788,7.19558569339184,4.32540417769184,6.71174377224199,0.84954184954185,3.52292903035951,36.7842807009231,71917.7782137427,111644.503408701,14309.0612585218,3800.20653293443,612.78566874295,100.463534258669,132.340919123057,10.6770807788513,13800.0511059885,1783.1317377017,8454.92883417529,2429.19794987493,10040.4494580411,8057.48565402913,2646.72607778704,946509.200843592,24658.5133650498,111644.503408701,946509.200843592,16439.4500465938,3800.20653293443,2429.19794987493,8454.92883417529,14309.0612585218,45432.8446221002,0.333882558333226,0.0882252755861157,0.359861803656258,0.159436501333601,0.72764726077787,"Hospitality","Existing","Hotel","Los Angeles, CA","Hollywood/Beverly Hills","Los Angeles/Long Beach","Los Angeles","Los Angeles","90045","07/01/1973","Marriott International","Sichuan Xinglida Group Enterprises Co., Ltd.","Upper Upscale","Los Angeles Department Of Water & Power","Marriott","N","4 Star","Urban","Sichuan Xinglida Group Enterprises Co., Ltd.","XLD LAX Owner LLC",193.09,104.427986949091,145.42,107.598679686426
"Mar 2026",642797,-0.014,485554,-0.004,95099561,0.03,0.755,0.011,195.86,0.034,147.95,0.045,7622057,0.001,5621221,-0.009,1070789945,-0.014,0.737,-0.01,190.49,-0.005,140.49,-0.015,269871,153473833,0.081,"AllTreated","Mar",2026,2026-03-01,135,20389,20389,53569762.7567846,1974.27083231154,702962.107415021,2015.14010495788,7.19558569339184,4.32540417769184,6.71174377224199,0.84954184954185,3.52292903035951,36.7842807009231,71917.7782137427,111644.503408701,14309.0612585218,3800.20653293443,612.78566874295,100.463534258669,132.340919123057,10.6770807788513,13800.0511059885,1783.1317377017,8454.92883417529,2429.19794987493,10040.4494580411,8057.48565402913,2646.72607778704,946509.200843592,24658.5133650498,111644.503408701,946509.200843592,16439.4500465938,3800.20653293443,2429.19794987493,8454.92883417529,14309.0612585218,45432.8446221002,0.333882558333226,0.0882252755861157,0.359861803656258,0.159436501333601,0.72764726077787,"Hospitality","Existing","Hotel","Los Angeles, CA","Hollywood/Beverly Hills","Los Angeles/Long Beach","Los Angeles","Los Angeles","90045","07/01/1973","Marriott International","Sichuan Xinglida Group Enterprises Co., Ltd.","Upper Upscale","Los Angeles Department Of Water & Power","Marriott","N","4 Star","Urban","Sichuan Xinglida Group Enterprises Co., Ltd.","XLD LAX Owner LLC",193.09,101.434564192863,145.42,101.739788199697
"Apr 2026",620172,-0.014,458100,-0.033,90227065,-0.014,0.739,-0.019,196.96,0.02,145.49,0,7612985,0,5605428,-0.014,1069511884,-0.019,0.736,-0.014,190.8,-0.005,140.49,-0.019,269744,153473833,0.081,"AllTreated","Apr",2026,2026-04-01,135,20389,20389,53569762.7567846,1974.27083231154,702962.107415021,2015.14010495788,7.19558569339184,4.32540417769184,6.71174377224199,0.84954184954185,3.52292903035951,36.7842807009231,71917.7782137427,111644.503408701,14309.0612585218,3800.20653293443,612.78566874295,100.463534258669,132.340919123057,10.6770807788513,13800.0511059885,1783.1317377017,8454.92883417529,2429.19794987493,10040.4494580411,8057.48565402913,2646.72607778704,946509.200843592,24658.5133650498,111644.503408701,946509.200843592,16439.4500465938,3800.20653293443,2429.19794987493,8454.92883417529,14309.0612585218,45432.8446221002,0.333882558333226,0.0882252755861157,0.359861803656258,0.159436501333601,0.72764726077787,"Hospitality","Existing","Hotel","Los Angeles, CA","Hollywood/Beverly Hills","Los Angeles/Long Beach","Los Angeles","Los Angeles","90045","07/01/1973","Marriott International","Sichuan Xinglida Group Enterprises Co., Ltd.","Upper Upscale","Los Angeles Department Of Water & Power","Marriott","N","4 Star","Urban","Sichuan Xinglida Group Enterprises Co., Ltd.","XLD LAX Owner LLC",193.09,102.004246724325,145.42,100.048136432403
"May 2026",643188,-0.011,485300,-0.015,98824039,0.017,0.755,-0.005,203.64,0.033,153.65,0.028,7605955,-0.002,5597794,-0.016,1071169706,-0.019,0.736,-0.014,191.36,-0.003,140.83,-0.017,269618,135652337,0.081,"AllTreated","May",2026,2026-05-01,135,20389,20389,53569762.7567846,1974.27083231154,702962.107415021,2015.14010495788,7.19558569339184,4.32540417769184,6.71174377224199,0.84954184954185,3.52292903035951,36.7842807009231,71917.7782137427,111644.503408701,14309.0612585218,3800.20653293443,612.78566874295,100.463534258669,132.340919123057,10.6770807788513,13800.0511059885,1783.1317377017,8454.92883417529,2429.19794987493,10040.4494580411,8057.48565402913,2646.72607778704,946509.200843592,24658.5133650498,111644.503408701,946509.200843592,16439.4500465938,3800.20653293443,2429.19794987493,8454.92883417529,14309.0612585218,45432.8446221002,0.333882558333226,0.0882252755861157,0.359861803656258,0.159436501333601,0.72764726077787,"Hospitality","Existing","Hotel","Los Angeles, CA","Hollywood/Beverly Hills","Los Angeles/Long Beach","Los Angeles","Los Angeles","90045","07/01/1973","Marriott International","Sichuan Xinglida Group Enterprises Co., Ltd.","Upper Upscale","Los Angeles Department Of Water & Power","Marriott","N","4 Star","Urban","Sichuan Xinglida Group Enterprises Co., Ltd.","XLD LAX Owner LLC",193.09,105.463773369931,145.42,105.659469123917
"Jun 2026",625873,-0.005,463609,-0.004,102660404,0.139,0.741,0.001,221.44,0.144,164.03,0.146,7602584,-0.003,5595932,-0.014,1083729976,-0.003,0.736,-0.01,193.66,0.011,142.55,0,269492,157452337,0.081,"AllTreated","Jun",2026,2026-06-01,135,20389,20389,53569762.7567846,1974.27083231154,702962.107415021,2015.14010495788,7.19558569339184,4.32540417769184,6.71174377224199,0.84954184954185,3.52292903035951,36.7842807009231,71917.7782137427,111644.503408701,14309.0612585218,3800.20653293443,612.78566874295,100.463534258669,132.340919123057,10.6770807788513,13800.0511059885,1783.1317377017,8454.92883417529,2429.19794987493,10040.4494580411,8057.48565402913,2646.72607778704,946509.200843592,24658.5133650498,111644.503408701,946509.200843592,16439.4500465938,3800.20653293443,2429.19794987493,8454.92883417529,14309.0612585218,45432.8446221002,0.333882558333226,0.0882252755861157,0.359861803656258,0.159436501333601,0.72764726077787,"Hospitality","Existing","Hotel","Los Angeles, CA","Hollywood/Beverly Hills","Los Angeles/Long Beach","Los Angeles","Los Angeles","90045","07/01/1973","Marriott International","Sichuan Xinglida Group Enterprises Co., Ltd.","Upper Upscale","Los Angeles Department Of Water & Power","Marriott","N","4 Star","Urban","Sichuan Xinglida Group Enterprises Co., Ltd.","XLD LAX Owner LLC",193.09,114.682272515407,145.42,112.797414385917
"Jul 2026",646735,-0.005,502284,0.013,105056455,0.111,0.777,0.018,209.16,0.097,162.44,0.117,7599263,-0.004,5602199,-0.009,1094247714,0.017,0.737,-0.005,195.32,0.026,143.99,0.021,269393,157452337,0.081,"AllTreated","Jul",2026,2026-07-01,135,20389,20389,53569762.7567846,1974.27083231154,702962.107415021,2015.14010495788,7.19558569339184,4.32540417769184,6.71174377224199,0.84954184954185,3.52292903035951,36.7842807009231,71917.7782137427,111644.503408701,14309.0612585218,3800.20653293443,612.78566874295,100.463534258669,132.340919123057,10.6770807788513,13800.0511059885,1783.1317377017,8454.92883417529,2429.19794987493,10040.4494580411,8057.48565402913,2646.72607778704,946509.200843592,24658.5133650498,111644.503408701,946509.200843592,16439.4500465938,3800.20653293443,2429.19794987493,8454.92883417529,14309.0612585218,45432.8446221002,0.333882558333226,0.0882252755861157,0.359861803656258,0.159436501333601,0.72764726077787,"Hospitality","Existing","Hotel","Los Angeles, CA","Hollywood/Beverly Hills","Los Angeles/Long Beach","Los Angeles","Los Angeles","90045","07/01/1973","Marriott International","Sichuan Xinglida Group Enterprises Co., Ltd.","Upper Upscale","Los Angeles Department Of Water & Power","Marriott","N","4 Star","Urban","Sichuan Xinglida Group Enterprises Co., Ltd.","XLD LAX Owner LLC",193.09,108.32254389145,145.42,111.704029707055
"Aug 2026",646735,-0.005,503803,0.007,100290642,0.077,0.779,0.012,199.07,0.069,155.07,0.082,7595942,-0.005,5605773,-0.006,1101381905,0.029,0.738,-0.001,196.47,0.035,145,0.035,269295,112452337,0.081,"AllTreated","Aug",2026,2026-08-01,135,20389,20389,53569762.7567846,1974.27083231154,702962.107415021,2015.14010495788,7.19558569339184,4.32540417769184,6.71174377224199,0.84954184954185,3.52292903035951,36.7842807009231,71917.7782137427,111644.503408701,14309.0612585218,3800.20653293443,612.78566874295,100.463534258669,132.340919123057,10.6770807788513,13800.0511059885,1783.1317377017,8454.92883417529,2429.19794987493,10040.4494580411,8057.48565402913,2646.72607778704,946509.200843592,24658.5133650498,111644.503408701,946509.200843592,16439.4500465938,3800.20653293443,2429.19794987493,8454.92883417529,14309.0612585218,45432.8446221002,0.333882558333226,0.0882252755861157,0.359861803656258,0.159436501333601,0.72764726077787,"Hospitality","Existing","Hotel","Los Angeles, CA","Hollywood/Beverly Hills","Los Angeles/Long Beach","Los Angeles","Los Angeles","90045","07/01/1973","Marriott International","Sichuan Xinglida Group Enterprises Co., Ltd.","Upper Upscale","Los Angeles Department Of Water & Power","Marriott","N","4 Star","Urban","Sichuan Xinglida Group Enterprises Co., Ltd.","XLD LAX Owner LLC",193.09,103.097001398312,145.42,106.635951038372
"Jan 2023",330577,0.012,205473,0.293,82142715,0.462,0.622,0.277,399.77,0.13,248.48,0.444,3900940,0.013,2799058,0.241,1174402562,0.499,0.718,0.225,419.57,0.208,301.06,0.48,564362,86500000,0.068,"CG_EmbCity","Jan",2023,2023-01-01,61,9925,9925,101075870.305556,1977.5640302267,1071307.15148387,2019.32492957746,6.71881487073033,7.51389970967742,5.29653776978417,1.00306451612903,3.91345088161209,41.4532796691587,105792.898740554,151482.07929471,18091.9156675063,1005.37974811083,73.1450881612091,34.79919395466,30.7564735516373,3.55224181360202,2731.06740554156,650.415516372796,2482.25259445844,2015.3364231738,6880.54831234257,4169.77118387909,899.419445843829,1106675.59707809,15475.3072040302,151482.07929471,1106675.59707809,3523.73591939547,1005.37974811083,2015.3364231738,2482.25259445844,18091.9156675063,27118.6203526448,0.140111226813682,0.0359411006879065,0.648134577562391,0.0997691254644067,0.817229219143577,"Hospitality","Existing","Hotel","Los Angeles, CA","Hollywood/Beverly Hills","Los Angeles/Long Beach","Santa Monica","Los Angeles","90069","06/01/1929","Hilton Worldwide","Pebblebrook Hotel Trust","Luxury","Southern California Edison Co","Hilton","N","5 Star","Suburban","Pebblebrook Hotel Trust","BRE El Segundo Property Owner B LLC",383.82,104.155593767912,284.09,87.4652398887677
"Feb 2023",301056,-0.001,220965,0.075,90636748,-0.106,0.734,0.076,410.19,-0.168,301.06,-0.105,3900735,0.009,2814477,0.191,1163709758,0.351,0.722,0.18,413.47,0.134,298.33,0.338,567412,86500000,0.068,"CG_EmbCity","Feb",2023,2023-02-01,61,9925,9925,101075870.305556,1977.5640302267,1071307.15148387,2019.32492957746,6.71881487073033,7.51389970967742,5.29653776978417,1.00306451612903,3.91345088161209,41.4532796691587,105792.898740554,151482.07929471,18091.9156675063,1005.37974811083,73.1450881612091,34.79919395466,30.7564735516373,3.55224181360202,2731.06740554156,650.415516372796,2482.25259445844,2015.3364231738,6880.54831234257,4169.77118387909,899.419445843829,1106675.59707809,15475.3072040302,151482.07929471,1106675.59707809,3523.73591939547,1005.37974811083,2015.3364231738,2482.25259445844,18091.9156675063,27118.6203526448,0.140111226813682,0.0359411006879065,0.648134577562391,0.0997691254644067,0.817229219143577,"Hospitality","Existing","Hotel","Los Angeles, CA","Hollywood/Beverly Hills","Los Angeles/Long Beach","Santa Monica","Los Angeles","90069","06/01/1929","Hilton Worldwide","Pebblebrook Hotel Trust","Luxury","Southern California Edison Co","Hilton","N","5 Star","Suburban","Pebblebrook Hotel Trust","BRE El Segundo Property Owner B LLC",383.82,106.870408003752,284.09,105.973459115069
"Mar 2023",333312,-0.001,251904,-0.008,103477531,-0.01,0.756,-0.007,410.78,-0.002,310.45,-0.009,3900508,0.006,2812455,0.137,1162706347,0.251,0.721,0.13,413.41,0.1,298.09,0.244,570462,86500000,0.068,"CG_EmbCity","Mar",2023,2023-03-01,61,9925,9925,101075870.305556,1977.5640302267,1071307.15148387,2019.32492957746,6.71881487073033,7.51389970967742,5.29653776978417,1.00306451612903,3.91345088161209,41.4532796691587,105792.898740554,151482.07929471,18091.9156675063,1005.37974811083,73.1450881612091,34.79919395466,30.7564735516373,3.55224181360202,2731.06740554156,650.415516372796,2482.25259445844,2015.3364231738,6880.54831234257,4169.77118387909,899.419445843829,1106675.59707809,15475.3072040302,151482.07929471,1106675.59707809,3523.73591939547,1005.37974811083,2015.3364231738,2482.25259445844,18091.9156675063,27118.6203526448,0.140111226813682,0.0359411006879065,0.648134577562391,0.0997691254644067,0.817229219143577,"Hospitality","Existing","Hotel","Los Angeles, CA","Hollywood/Beverly Hills","Los Angeles/Long Beach","Santa Monica","Los Angeles","90069","06/01/1929","Hilton Worldwide","Pebblebrook Hotel Trust","Luxury","Southern California Edison Co","Hilton","N","5 Star","Suburban","Pebblebrook Hotel Trust","BRE El Segundo Property Owner B LLC",383.82,107.024125892345,284.09,109.278749691999
"Apr 2023",311629,-0.035,229875,-0.057,93987831,-0.085,0.738,-0.023,408.87,-0.03,301.6,-0.053,3889357,0.003,2798576,0.094,1153946123,0.17,0.72,0.091,412.33,0.069,296.69,0.167,573087,86500000,0.068,"CG_EmbCity","Apr",2023,2023-04-01,61,9925,9925,101075870.305556,1977.5640302267,1071307.15148387,2019.32492957746,6.71881487073033,7.51389970967742,5.29653776978417,1.00306451612903,3.91345088161209,41.4532796691587,105792.898740554,151482.07929471,18091.9156675063,1005.37974811083,73.1450881612091,34.79919395466,30.7564735516373,3.55224181360202,2731.06740554156,650.415516372796,2482.25259445844,2015.3364231738,6880.54831234257,4169.77118387909,899.419445843829,1106675.59707809,15475.3072040302,151482.07929471,1106675.59707809,3523.73591939547,1005.37974811083,2015.3364231738,2482.25259445844,18091.9156675063,27118.6203526448,0.140111226813682,0.0359411006879065,0.648134577562391,0.0997691254644067,0.817229219143577,"Hospitality","Existing","Hotel","Los Angeles, CA","Hollywood/Beverly Hills","Los Angeles/Long Beach","Santa Monica","Los Angeles","90069","06/01/1929","Hilton Worldwide","Pebblebrook Hotel Trust","Luxury","Southern California Edison Co","Hilton","N","5 Star","Suburban","Pebblebrook Hotel Trust","BRE El Segundo Property Owner B LLC",383.82,106.526496795373,284.09,106.163539723327
"May 2023",321984,-0.035,238426,-0.014,98600371,-0.038,0.74,0.022,413.55,-0.024,306.23,-0.003,3877802,0,2795232,0.071,1150096162,0.117,0.721,0.072,411.45,0.043,296.58,0.117,575713,86500000,0.069,"CG_EmbCity","May",2023,2023-05-01,61,9925,9925,101075870.305556,1977.5640302267,1071307.15148387,2019.32492957746,6.71881487073033,7.51389970967742,5.29653776978417,1.00306451612903,3.91345088161209,41.4532796691587,105792.898740554,151482.07929471,18091.9156675063,1005.37974811083,73.1450881612091,34.79919395466,30.7564735516373,3.55224181360202,2731.06740554156,650.415516372796,2482.25259445844,2015.3364231738,6880.54831234257,4169.77118387909,899.419445843829,1106675.59707809,15475.3072040302,151482.07929471,1106675.59707809,3523.73591939547,1005.37974811083,2015.3364231738,2482.25259445844,18091.9156675063,27118.6203526448,0.140111226813682,0.0359411006879065,0.648134577562391,0.0997691254644067,0.817229219143577,"Hospitality","Existing","Hotel","Los Angeles, CA","Hollywood/Beverly Hills","Los Angeles/Long Beach","Santa Monica","Los Angeles","90069","06/01/1929","Hilton Worldwide","Pebblebrook Hotel Trust","Luxury","Southern California Edison Co","Hilton","N","5 Star","Suburban","Pebblebrook Hotel Trust","BRE El Segundo Property Owner B LLC",383.82,107.745818352353,284.09,107.793304938576
"Jun 2023",311755,-0.034,232240,0.004,95641912,0,0.745,0.039,411.82,-0.003,306.79,0.035,3866777,-0.003,2796048,0.061,1150103051,0.091,0.723,0.064,411.33,0.028,297.43,0.094,578339,86500000,0.069,"CG_EmbCity","Jun",2023,2023-06-01,61,9925,9925,101075870.305556,1977.5640302267,1071307.15148387,2019.32492957746,6.71881487073033,7.51389970967742,5.29653776978417,1.00306451612903,3.91345088161209,41.4532796691587,105792.898740554,151482.07929471,18091.9156675063,1005.37974811083,73.1450881612091,34.79919395466,30.7564735516373,3.55224181360202,2731.06740554156,650.415516372796,2482.25259445844,2015.3364231738,6880.54831234257,4169.77118387909,899.419445843829,1106675.59707809,15475.3072040302,151482.07929471,1106675.59707809,3523.73591939547,1005.37974811083,2015.3364231738,2482.25259445844,18091.9156675063,27118.6203526448,0.140111226813682,0.0359411006879065,0.648134577562391,0.0997691254644067,0.817229219143577,"Hospitality","Existing","Hotel","Los Angeles, CA","Hollywood/Beverly Hills","Los Angeles/Long Beach","Santa Monica","Los Angeles","90069","06/01/1929","Hilton Worldwide","Pebblebrook Hotel Trust","Luxury","Southern California Edison Co","Hilton","N","5 Star","Suburban","Pebblebrook Hotel Trust","BRE El Segundo Property Owner B LLC",383.82,107.295086238341,284.09,107.990425569362
"Jul 2023",322179,-0.034,242572,-0.034,103405441,-0.108,0.753,0,426.29,-0.077,320.96,-0.076,3855547,-0.008,2787630,0.054,1137642761,0.06,0.723,0.062,408.1,0.006,295.07,0.068,584113,86500000,0.069,"CG_EmbCity","Jul",2023,2023-07-01,61,9925,9925,101075870.305556,1977.5640302267,1071307.15148387,2019.32492957746,6.71881487073033,7.51389970967742,5.29653776978417,1.00306451612903,3.91345088161209,41.4532796691587,105792.898740554,151482.07929471,18091.9156675063,1005.37974811083,73.1450881612091,34.79919395466,30.7564735516373,3.55224181360202,2731.06740554156,650.415516372796,2482.25259445844,2015.3364231738,6880.54831234257,4169.77118387909,899.419445843829,1106675.59707809,15475.3072040302,151482.07929471,1106675.59707809,3523.73591939547,1005.37974811083,2015.3364231738,2482.25259445844,18091.9156675063,27118.6203526448,0.140111226813682,0.0359411006879065,0.648134577562391,0.0997691254644067,0.817229219143577,"Hospitality","Existing","Hotel","Los Angeles, CA","Hollywood/Beverly Hills","Los Angeles/Long Beach","Santa Monica","Los Angeles","90069","06/01/1929","Hilton Worldwide","Pebblebrook Hotel Trust","Luxury","Southern California Edison Co","Hilton","N","5 Star","Suburban","Pebblebrook Hotel Trust","BRE El Segundo Property Owner B LLC",383.82,111.065082590798,284.09,112.978281530501
"Aug 2023",322179,-0.021,257576,0.031,114647814,0.026,0.799,0.053,445.1,-0.004,355.85,0.048,3848613,-0.01,2795280,0.046,1140571283,0.042,0.726,0.057,408.03,-0.004,296.36,0.053,589887,86500000,0.069,"CG_EmbCity","Aug",2023,2023-08-01,61,9925,9925,101075870.305556,1977.5640302267,1071307.15148387,2019.32492957746,6.71881487073033,7.51389970967742,5.29653776978417,1.00306451612903,3.91345088161209,41.4532796691587,105792.898740554,151482.07929471,18091.9156675063,1005.37974811083,73.1450881612091,34.79919395466,30.7564735516373,3.55224181360202,2731.06740554156,650.415516372796,2482.25259445844,2015.3364231738,6880.54831234257,4169.77118387909,899.419445843829,1106675.59707809,15475.3072040302,151482.07929471,1106675.59707809,3523.73591939547,1005.37974811083,2015.3364231738,2482.25259445844,18091.9156675063,27118.6203526448,0.140111226813682,0.0359411006879065,0.648134577562391,0.0997691254644067,0.817229219143577,"Hospitality","Existing","Hotel","Los Angeles, CA","Hollywood/Beverly Hills","Los Angeles/Long Beach","Santa Monica","Los Angeles","90069","06/01/1929","Hilton Worldwide","Pebblebrook Hotel Trust","Luxury","Southern California Edison Co","Hilton","N","5 Star","Suburban","Pebblebrook Hotel Trust","BRE El Segundo Property Owner B LLC",383.82,115.965817310197,284.09,125.259600830723
"Sep 2023",311787,-0.021,224184,-0.068,84180109,-0.101,0.719,-0.048,375.5,-0.036,269.99,-0.082,3841904,-0.012,2778965,0.023,1131063338,0.012,0.723,0.036,407.01,-0.011,294.4,0.025,595661,37500000,0.069,"CG_EmbCity","Sep",2023,2023-09-01,61,9925,9925,101075870.305556,1977.5640302267,1071307.15148387,2019.32492957746,6.71881487073033,7.51389970967742,5.29653776978417,1.00306451612903,3.91345088161209,41.4532796691587,105792.898740554,151482.07929471,18091.9156675063,1005.37974811083,73.1450881612091,34.79919395466,30.7564735516373,3.55224181360202,2731.06740554156,650.415516372796,2482.25259445844,2015.3364231738,6880.54831234257,4169.77118387909,899.419445843829,1106675.59707809,15475.3072040302,151482.07929471,1106675.59707809,3523.73591939547,1005.37974811083,2015.3364231738,2482.25259445844,18091.9156675063,27118.6203526448,0.140111226813682,0.0359411006879065,0.648134577562391,0.0997691254644067,0.817229219143577,"Hospitality","Existing","Hotel","Los Angeles, CA","Hollywood/Beverly Hills","Los Angeles/Long Beach","Santa Monica","Los Angeles","90069","06/01/1929","Hilton Worldwide","Pebblebrook Hotel Trust","Luxury","Southern California Edison Co","Hilton","N","5 Star","Suburban","Pebblebrook Hotel Trust","BRE El Segundo Property Owner B LLC",383.82,97.8323172320358,284.09,95.0367841177092
"Oct 2023",322179,-0.034,247522,-0.037,95111069,-0.077,0.768,-0.003,384.25,-0.042,295.21,-0.045,3830674,-0.017,2769528,0.007,1123129028,-0.014,0.723,0.025,405.53,-0.021,293.19,0.003,601496,NA,0.07,"CG_EmbCity","Oct",2023,2023-10-01,61,9925,9925,101075870.305556,1977.5640302267,1071307.15148387,2019.32492957746,6.71881487073033,7.51389970967742,5.29653776978417,1.00306451612903,3.91345088161209,41.4532796691587,105792.898740554,151482.07929471,18091.9156675063,1005.37974811083,73.1450881612091,34.79919395466,30.7564735516373,3.55224181360202,2731.06740554156,650.415516372796,2482.25259445844,2015.3364231738,6880.54831234257,4169.77118387909,899.419445843829,1106675.59707809,15475.3072040302,151482.07929471,1106675.59707809,3523.73591939547,1005.37974811083,2015.3364231738,2482.25259445844,18091.9156675063,27118.6203526448,0.140111226813682,0.0359411006879065,0.648134577562391,0.0997691254644067,0.817229219143577,"Hospitality","Existing","Hotel","Los Angeles, CA","Hollywood/Beverly Hills","Los Angeles/Long Beach","Santa Monica","Los Angeles","90069","06/01/1929","Hilton Worldwide","Pebblebrook Hotel Trust","Luxury","Southern California Edison Co","Hilton","N","5 Star","Suburban","Pebblebrook Hotel Trust","BRE El Segundo Property Owner B LLC",383.82,100.112031681517,284.09,103.914252525608
"Nov 2023",311787,-0.013,217711,-0.011,81316094,-0.074,0.698,0.001,373.5,-0.063,260.81,-0.062,3826705,-0.018,2767015,0.004,1116644555,-0.028,0.723,0.022,403.56,-0.032,291.8,-0.011,607330,NA,0.07,"CG_EmbCity","Nov",2023,2023-11-01,61,9925,9925,101075870.305556,1977.5640302267,1071307.15148387,2019.32492957746,6.71881487073033,7.51389970967742,5.29653776978417,1.00306451612903,3.91345088161209,41.4532796691587,105792.898740554,151482.07929471,18091.9156675063,1005.37974811083,73.1450881612091,34.79919395466,30.7564735516373,3.55224181360202,2731.06740554156,650.415516372796,2482.25259445844,2015.3364231738,6880.54831234257,4169.77118387909,899.419445843829,1106675.59707809,15475.3072040302,151482.07929471,1106675.59707809,3523.73591939547,1005.37974811083,2015.3364231738,2482.25259445844,18091.9156675063,27118.6203526448,0.140111226813682,0.0359411006879065,0.648134577562391,0.0997691254644067,0.817229219143577,"Hospitality","Existing","Hotel","Los Angeles, CA","Hollywood/Beverly Hills","Los Angeles/Long Beach","Santa Monica","Los Angeles","90069","06/01/1929","Hilton Worldwide","Pebblebrook Hotel Trust","Luxury","Southern California Edison Co","Hilton","N","5 Star","Suburban","Pebblebrook Hotel Trust","BRE El Segundo Property Owner B LLC",383.82,97.3112396435829,284.09,91.8054137773241
"Dec 2023",322179,-0.013,203096,0.023,73110481,-0.005,0.63,0.036,359.98,-0.027,226.93,0.007,3822603,-0.019,2771544,0.007,1116258117,-0.028,0.725,0.026,402.76,-0.035,292.02,-0.009,613165,NA,0.07,"CG_EmbCity","Dec",2023,2023-12-01,61,9925,9925,101075870.305556,1977.5640302267,1071307.15148387,2019.32492957746,6.71881487073033,7.51389970967742,5.29653776978417,1.00306451612903,3.91345088161209,41.4532796691587,105792.898740554,151482.07929471,18091.9156675063,1005.37974811083,73.1450881612091,34.79919395466,30.7564735516373,3.55224181360202,2731.06740554156,650.415516372796,2482.25259445844,2015.3364231738,6880.54831234257,4169.77118387909,899.419445843829,1106675.59707809,15475.3072040302,151482.07929471,1106675.59707809,3523.73591939547,1005.37974811083,2015.3364231738,2482.25259445844,18091.9156675063,27118.6203526448,0.140111226813682,0.0359411006879065,0.648134577562391,0.0997691254644067,0.817229219143577,"Hospitality","Existing","Hotel","Los Angeles, CA","Hollywood/Beverly Hills","Los Angeles/Long Beach","Santa Monica","Los Angeles","90069","06/01/1929","Hilton Worldwide","Pebblebrook Hotel Trust","Luxury","Southern California Edison Co","Hilton","N","5 Star","Suburban","Pebblebrook Hotel Trust","BRE El Segundo Property Owner B LLC",383.82,93.7887551456412,284.09,79.87961561477
"Jan 2024",322179,-0.025,206931,0.007,77019828,-0.062,0.642,0.033,372.2,-0.069,239.06,-0.038,3814205,-0.022,2773002,-0.009,1111135230,-0.054,0.727,0.013,400.7,-0.045,291.32,-0.032,622512,NA,0.07,"CG_EmbCity","Jan",2024,2024-01-01,61,9925,9925,101075870.305556,1977.5640302267,1071307.15148387,2019.32492957746,6.71881487073033,7.51389970967742,5.29653776978417,1.00306451612903,3.91345088161209,41.4532796691587,105792.898740554,151482.07929471,18091.9156675063,1005.37974811083,73.1450881612091,34.79919395466,30.7564735516373,3.55224181360202,2731.06740554156,650.415516372796,2482.25259445844,2015.3364231738,6880.54831234257,4169.77118387909,899.419445843829,1106675.59707809,15475.3072040302,151482.07929471,1106675.59707809,3523.73591939547,1005.37974811083,2015.3364231738,2482.25259445844,18091.9156675063,27118.6203526448,0.140111226813682,0.0359411006879065,0.648134577562391,0.0997691254644067,0.817229219143577,"Hospitality","Existing","Hotel","Los Angeles, CA","Hollywood/Beverly Hills","Los Angeles/Long Beach","Santa Monica","Los Angeles","90069","06/01/1929","Hilton Worldwide","Pebblebrook Hotel Trust","Luxury","Southern California Edison Co","Hilton","N","5 Star","Suburban","Pebblebrook Hotel Trust","BRE El Segundo Property Owner B LLC",383.82,96.9725392110885,284.09,84.1493892780457
"Feb 2024",291001,-0.033,211102,-0.045,83128288,-0.083,0.725,-0.012,393.78,-0.04,285.66,-0.051,3804150,-0.025,2763139,-0.018,1103626770,-0.052,0.726,0.007,399.41,-0.034,290.11,-0.028,631859,NA,0.07,"CG_EmbCity","Feb",2024,2024-02-01,61,9925,9925,101075870.305556,1977.5640302267,1071307.15148387,2019.32492957746,6.71881487073033,7.51389970967742,5.29653776978417,1.00306451612903,3.91345088161209,41.4532796691587,105792.898740554,151482.07929471,18091.9156675063,1005.37974811083,73.1450881612091,34.79919395466,30.7564735516373,3.55224181360202,2731.06740554156,650.415516372796,2482.25259445844,2015.3364231738,6880.54831234257,4169.77118387909,899.419445843829,1106675.59707809,15475.3072040302,151482.07929471,1106675.59707809,3523.73591939547,1005.37974811083,2015.3364231738,2482.25259445844,18091.9156675063,27118.6203526448,0.140111226813682,0.0359411006879065,0.648134577562391,0.0997691254644067,0.817229219143577,"Hospitality","Existing","Hotel","Los Angeles, CA","Hollywood/Beverly Hills","Los Angeles/Long Beach","Santa Monica","Los Angeles","90069","06/01/1929","Hilton Worldwide","Pebblebrook Hotel Trust","Luxury","Southern California Edison Co","Hilton","N","5 Star","Suburban","Pebblebrook Hotel Trust","BRE El Segundo Property Owner B LLC",383.82,102.594966390496,284.09,100.552641768454
"Mar 2024",321008,-0.037,241514,-0.041,97900690,-0.054,0.752,-0.004,405.36,-0.013,304.98,-0.018,3791846,-0.028,2752748,-0.021,1098049929,-0.056,0.726,0.007,398.89,-0.035,289.58,-0.029,641206,NA,0.07,"CG_EmbCity","Mar",2024,2024-03-01,61,9925,9925,101075870.305556,1977.5640302267,1071307.15148387,2019.32492957746,6.71881487073033,7.51389970967742,5.29653776978417,1.00306451612903,3.91345088161209,41.4532796691587,105792.898740554,151482.07929471,18091.9156675063,1005.37974811083,73.1450881612091,34.79919395466,30.7564735516373,3.55224181360202,2731.06740554156,650.415516372796,2482.25259445844,2015.3364231738,6880.54831234257,4169.77118387909,899.419445843829,1106675.59707809,15475.3072040302,151482.07929471,1106675.59707809,3523.73591939547,1005.37974811083,2015.3364231738,2482.25259445844,18091.9156675063,27118.6203526448,0.140111226813682,0.0359411006879065,0.648134577562391,0.0997691254644067,0.817229219143577,"Hospitality","Existing","Hotel","Los Angeles, CA","Hollywood/Beverly Hills","Los Angeles/Long Beach","Santa Monica","Los Angeles","90069","06/01/1929","Hilton Worldwide","Pebblebrook Hotel Trust","Luxury","Southern California Edison Co","Hilton","N","5 Star","Suburban","Pebblebrook Hotel Trust","BRE El Segundo Property Owner B LLC",383.82,105.612005627638,284.09,107.353303530571
"Apr 2024",310653,-0.003,223460,-0.028,86720738,-0.077,0.719,-0.025,388.08,-0.051,279.16,-0.074,3790870,-0.025,2746333,-0.019,1090782835,-0.055,0.724,0.007,397.18,-0.037,287.74,-0.03,649947,NA,0.07,"CG_EmbCity","Apr",2024,2024-04-01,61,9925,9925,101075870.305556,1977.5640302267,1071307.15148387,2019.32492957746,6.71881487073033,7.51389970967742,5.29653776978417,1.00306451612903,3.91345088161209,41.4532796691587,105792.898740554,151482.07929471,18091.9156675063,1005.37974811083,73.1450881612091,34.79919395466,30.7564735516373,3.55224181360202,2731.06740554156,650.415516372796,2482.25259445844,2015.3364231738,6880.54831234257,4169.77118387909,899.419445843829,1106675.59707809,15475.3072040302,151482.07929471,1106675.59707809,3523.73591939547,1005.37974811083,2015.3364231738,2482.25259445844,18091.9156675063,27118.6203526448,0.140111226813682,0.0359411006879065,0.648134577562391,0.0997691254644067,0.817229219143577,"Hospitality","Existing","Hotel","Los Angeles, CA","Hollywood/Beverly Hills","Los Angeles/Long Beach","Santa Monica","Los Angeles","90069","06/01/1929","Hilton Worldwide","Pebblebrook Hotel Trust","Luxury","Southern California Edison Co","Hilton","N","5 Star","Suburban","Pebblebrook Hotel Trust","BRE El Segundo Property Owner B LLC",383.82,101.109895263405,284.09,98.2646344468303
"May 2024",321008,-0.003,239399,0.004,99194184,0.006,0.746,0.007,414.35,0.002,309.01,0.009,3789894,-0.023,2747307,-0.017,1091376648,-0.051,0.725,0.006,397.25,-0.035,287.97,-0.029,658688,NA,0.071,"CG_EmbCity","May",2024,2024-05-01,61,9925,9925,101075870.305556,1977.5640302267,1071307.15148387,2019.32492957746,6.71881487073033,7.51389970967742,5.29653776978417,1.00306451612903,3.91345088161209,41.4532796691587,105792.898740554,151482.07929471,18091.9156675063,1005.37974811083,73.1450881612091,34.79919395466,30.7564735516373,3.55224181360202,2731.06740554156,650.415516372796,2482.25259445844,2015.3364231738,6880.54831234257,4169.77118387909,899.419445843829,1106675.59707809,15475.3072040302,151482.07929471,1106675.59707809,3523.73591939547,1005.37974811083,2015.3364231738,2482.25259445844,18091.9156675063,27118.6203526448,0.140111226813682,0.0359411006879065,0.648134577562391,0.0997691254644067,0.817229219143577,"Hospitality","Existing","Hotel","Los Angeles, CA","Hollywood/Beverly Hills","Los Angeles/Long Beach","Santa Monica","Los Angeles","90069","06/01/1929","Hilton Worldwide","Pebblebrook Hotel Trust","Luxury","Southern California Edison Co","Hilton","N","5 Star","Suburban","Pebblebrook Hotel Trust","BRE El Segundo Property Owner B LLC",383.82,107.954249387734,284.09,108.771868069978
"Jun 2024",310684,-0.003,232701,0.002,87856438,-0.081,0.749,0.005,377.55,-0.083,282.78,-0.078,3788823,-0.02,2747768,-0.017,1083591174,-0.058,0.725,0.003,394.35,-0.041,286,-0.038,667429,NA,0.071,"CG_EmbCity","Jun",2024,2024-06-01,61,9925,9925,101075870.305556,1977.5640302267,1071307.15148387,2019.32492957746,6.71881487073033,7.51389970967742,5.29653776978417,1.00306451612903,3.91345088161209,41.4532796691587,105792.898740554,151482.07929471,18091.9156675063,1005.37974811083,73.1450881612091,34.79919395466,30.7564735516373,3.55224181360202,2731.06740554156,650.415516372796,2482.25259445844,2015.3364231738,6880.54831234257,4169.77118387909,899.419445843829,1106675.59707809,15475.3072040302,151482.07929471,1106675.59707809,3523.73591939547,1005.37974811083,2015.3364231738,2482.25259445844,18091.9156675063,27118.6203526448,0.140111226813682,0.0359411006879065,0.648134577562391,0.0997691254644067,0.817229219143577,"Hospitality","Existing","Hotel","Los Angeles, CA","Hollywood/Beverly Hills","Los Angeles/Long Beach","Santa Monica","Los Angeles","90069","06/01/1929","Hilton Worldwide","Pebblebrook Hotel Trust","Luxury","Southern California Edison Co","Hilton","N","5 Star","Suburban","Pebblebrook Hotel Trust","BRE El Segundo Property Owner B LLC",383.82,98.3664217602001,284.09,99.5388785244113
"Jul 2024",321105,-0.003,250087,0.031,105295313,0.018,0.779,0.034,421.04,-0.012,327.92,0.022,3787749,-0.018,2755283,-0.012,1085481047,-0.046,0.727,0.006,393.96,-0.035,286.58,-0.029,673864,NA,0.071,"CG_EmbCity","Jul",2024,2024-07-01,61,9925,9925,101075870.305556,1977.5640302267,1071307.15148387,2019.32492957746,6.71881487073033,7.51389970967742,5.29653776978417,1.00306451612903,3.91345088161209,41.4532796691587,105792.898740554,151482.07929471,18091.9156675063,1005.37974811083,73.1450881612091,34.79919395466,30.7564735516373,3.55224181360202,2731.06740554156,650.415516372796,2482.25259445844,2015.3364231738,6880.54831234257,4169.77118387909,899.419445843829,1106675.59707809,15475.3072040302,151482.07929471,1106675.59707809,3523.73591939547,1005.37974811083,2015.3364231738,2482.25259445844,18091.9156675063,27118.6203526448,0.140111226813682,0.0359411006879065,0.648134577562391,0.0997691254644067,0.817229219143577,"Hospitality","Existing","Hotel","Los Angeles, CA","Hollywood/Beverly Hills","Los Angeles/Long Beach","Santa Monica","Los Angeles","90069","06/01/1929","Hilton Worldwide","Pebblebrook Hotel Trust","Luxury","Southern California Edison Co","Hilton","N","5 Star","Suburban","Pebblebrook Hotel Trust","BRE El Segundo Property Owner B LLC",383.82,109.697253921109,284.09,115.42820937027
"Aug 2024",321105,-0.003,253722,-0.015,105387667,-0.081,0.79,-0.012,415.37,-0.067,328.2,-0.078,3786675,-0.016,2751429,-0.016,1076220900,-0.056,0.727,0,391.15,-0.041,284.21,-0.041,680299,NA,0.071,"CG_EmbCity","Aug",2024,2024-08-01,61,9925,9925,101075870.305556,1977.5640302267,1071307.15148387,2019.32492957746,6.71881487073033,7.51389970967742,5.29653776978417,1.00306451612903,3.91345088161209,41.4532796691587,105792.898740554,151482.07929471,18091.9156675063,1005.37974811083,73.1450881612091,34.79919395466,30.7564735516373,3.55224181360202,2731.06740554156,650.415516372796,2482.25259445844,2015.3364231738,6880.54831234257,4169.77118387909,899.419445843829,1106675.59707809,15475.3072040302,151482.07929471,1106675.59707809,3523.73591939547,1005.37974811083,2015.3364231738,2482.25259445844,18091.9156675063,27118.6203526448,0.140111226813682,0.0359411006879065,0.648134577562391,0.0997691254644067,0.817229219143577,"Hospitality","Existing","Hotel","Los Angeles, CA","Hollywood/Beverly Hills","Los Angeles/Long Beach","Santa Monica","Los Angeles","90069","06/01/1929","Hilton Worldwide","Pebblebrook Hotel Trust","Luxury","Southern California Edison Co","Hilton","N","5 Star","Suburban","Pebblebrook Hotel Trust","BRE El Segundo Property Owner B LLC",383.82,108.219998957845,284.09,115.526769685663
"Sep 2024",310747,-0.003,237595,0.06,89967957,0.069,0.765,0.063,378.66,0.008,289.52,0.072,3785635,-0.015,2764840,-0.005,1082008748,-0.043,0.73,0.01,391.35,-0.038,285.82,-0.029,686734,NA,0.071,"CG_EmbCity","Sep",2024,2024-09-01,61,9925,9925,101075870.305556,1977.5640302267,1071307.15148387,2019.32492957746,6.71881487073033,7.51389970967742,5.29653776978417,1.00306451612903,3.91345088161209,41.4532796691587,105792.898740554,151482.07929471,18091.9156675063,1005.37974811083,73.1450881612091,34.79919395466,30.7564735516373,3.55224181360202,2731.06740554156,650.415516372796,2482.25259445844,2015.3364231738,6880.54831234257,4169.77118387909,899.419445843829,1106675.59707809,15475.3072040302,151482.07929471,1106675.59707809,3523.73591939547,1005.37974811083,2015.3364231738,2482.25259445844,18091.9156675063,27118.6203526448,0.140111226813682,0.0359411006879065,0.648134577562391,0.0997691254644067,0.817229219143577,"Hospitality","Existing","Hotel","Los Angeles, CA","Hollywood/Beverly Hills","Los Angeles/Long Beach","Santa Monica","Los Angeles","90069","06/01/1929","Hilton Worldwide","Pebblebrook Hotel Trust","Luxury","Southern California Edison Co","Hilton","N","5 Star","Suburban","Pebblebrook Hotel Trust","BRE El Segundo Property Owner B LLC",383.82,98.6556198217915,284.09,101.911366116372
"Oct 2024",326541,0.014,252686,0.021,98381327,0.034,0.774,0.007,389.34,0.013,301.28,0.021,3789997,-0.011,2770005,0,1085279005,-0.034,0.731,0.011,391.8,-0.034,286.35,-0.023,690720,NA,0.071,"CG_EmbCity","Oct",2024,2024-10-01,61,9925,9925,101075870.305556,1977.5640302267,1071307.15148387,2019.32492957746,6.71881487073033,7.51389970967742,5.29653776978417,1.00306451612903,3.91345088161209,41.4532796691587,105792.898740554,151482.07929471,18091.9156675063,1005.37974811083,73.1450881612091,34.79919395466,30.7564735516373,3.55224181360202,2731.06740554156,650.415516372796,2482.25259445844,2015.3364231738,6880.54831234257,4169.77118387909,899.419445843829,1106675.59707809,15475.3072040302,151482.07929471,1106675.59707809,3523.73591939547,1005.37974811083,2015.3364231738,2482.25259445844,18091.9156675063,27118.6203526448,0.140111226813682,0.0359411006879065,0.648134577562391,0.0997691254644067,0.817229219143577,"Hospitality","Existing","Hotel","Los Angeles, CA","Hollywood/Beverly Hills","Los Angeles/Long Beach","Santa Monica","Los Angeles","90069","06/01/1929","Hilton Worldwide","Pebblebrook Hotel Trust","Luxury","Southern California Edison Co","Hilton","N","5 Star","Suburban","Pebblebrook Hotel Trust","BRE El Segundo Property Owner B LLC",383.82,101.43817414413,284.09,106.050899362878
"Nov 2024",316008,0.014,218552,0.004,82095388,0.01,0.692,-0.01,375.63,0.006,259.79,-0.004,3794218,-0.008,2770845,0.001,1086058299,-0.027,0.73,0.01,391.96,-0.029,286.24,-0.019,694707,NA,0.071,"CG_EmbCity","Nov",2024,2024-11-01,61,9925,9925,101075870.305556,1977.5640302267,1071307.15148387,2019.32492957746,6.71881487073033,7.51389970967742,5.29653776978417,1.00306451612903,3.91345088161209,41.4532796691587,105792.898740554,151482.07929471,18091.9156675063,1005.37974811083,73.1450881612091,34.79919395466,30.7564735516373,3.55224181360202,2731.06740554156,650.415516372796,2482.25259445844,2015.3364231738,6880.54831234257,4169.77118387909,899.419445843829,1106675.59707809,15475.3072040302,151482.07929471,1106675.59707809,3523.73591939547,1005.37974811083,2015.3364231738,2482.25259445844,18091.9156675063,27118.6203526448,0.140111226813682,0.0359411006879065,0.648134577562391,0.0997691254644067,0.817229219143577,"Hospitality","Existing","Hotel","Los Angeles, CA","Hollywood/Beverly Hills","Los Angeles/Long Beach","Santa Monica","Los Angeles","90069","06/01/1929","Hilton Worldwide","Pebblebrook Hotel Trust","Luxury","Southern California Edison Co","Hilton","N","5 Star","Suburban","Pebblebrook Hotel Trust","BRE El Segundo Property Owner B LLC",383.82,97.8661872752853,284.09,91.4463726283924
"Dec 2024",326541,0.014,205989,0.014,75362600,0.031,0.631,0.001,365.86,0.016,230.79,0.017,3798580,-0.006,2773738,0.001,1088310418,-0.025,0.73,0.007,392.36,-0.026,286.5,-0.019,698694,NA,0.072,"CG_EmbCity","Dec",2024,2024-12-01,61,9925,9925,101075870.305556,1977.5640302267,1071307.15148387,2019.32492957746,6.71881487073033,7.51389970967742,5.29653776978417,1.00306451612903,3.91345088161209,41.4532796691587,105792.898740554,151482.07929471,18091.9156675063,1005.37974811083,73.1450881612091,34.79919395466,30.7564735516373,3.55224181360202,2731.06740554156,650.415516372796,2482.25259445844,2015.3364231738,6880.54831234257,4169.77118387909,899.419445843829,1106675.59707809,15475.3072040302,151482.07929471,1106675.59707809,3523.73591939547,1005.37974811083,2015.3364231738,2482.25259445844,18091.9156675063,27118.6203526448,0.140111226813682,0.0359411006879065,0.648134577562391,0.0997691254644067,0.817229219143577,"Hospitality","Existing","Hotel","Los Angeles, CA","Hollywood/Beverly Hills","Los Angeles/Long Beach","Santa Monica","Los Angeles","90069","06/01/1929","Hilton Worldwide","Pebblebrook Hotel Trust","Luxury","Southern California Edison Co","Hilton","N","5 Star","Suburban","Pebblebrook Hotel Trust","BRE El Segundo Property Owner B LLC",383.82,95.3207232556928,284.09,81.2383399626879
"Jan 2025",326574,0.014,193293,-0.066,78703939,0.022,0.592,-0.078,407.17,0.094,241,0.008,3802975,-0.003,2760100,-0.005,1089994529,-0.019,0.726,-0.002,394.91,-0.014,286.62,-0.016,701947,NA,0.072,"CG_EmbCity","Jan",2025,2025-01-01,61,9925,9925,101075870.305556,1977.5640302267,1071307.15148387,2019.32492957746,6.71881487073033,7.51389970967742,5.29653776978417,1.00306451612903,3.91345088161209,41.4532796691587,105792.898740554,151482.07929471,18091.9156675063,1005.37974811083,73.1450881612091,34.79919395466,30.7564735516373,3.55224181360202,2731.06740554156,650.415516372796,2482.25259445844,2015.3364231738,6880.54831234257,4169.77118387909,899.419445843829,1106675.59707809,15475.3072040302,151482.07929471,1106675.59707809,3523.73591939547,1005.37974811083,2015.3364231738,2482.25259445844,18091.9156675063,27118.6203526448,0.140111226813682,0.0359411006879065,0.648134577562391,0.0997691254644067,0.817229219143577,"Hospitality","Existing","Hotel","Los Angeles, CA","Hollywood/Beverly Hills","Los Angeles/Long Beach","Santa Monica","Los Angeles","90069","06/01/1929","Hilton Worldwide","Pebblebrook Hotel Trust","Luxury","Southern California Edison Co","Hilton","N","5 Star","Suburban","Pebblebrook Hotel Trust","BRE El Segundo Property Owner B LLC",383.82,106.083580845188,284.09,84.8322714632687
"Feb 2025",295058,0.014,211489,0.002,83214539,0.001,0.717,-0.012,393.47,-0.001,282.03,-0.013,3807032,0.001,2760486,-0.001,1090080780,-0.012,0.725,-0.002,394.89,-0.011,286.33,-0.013,705201,NA,0.072,"CG_EmbCity","Feb",2025,2025-02-01,61,9925,9925,101075870.305556,1977.5640302267,1071307.15148387,2019.32492957746,6.71881487073033,7.51389970967742,5.29653776978417,1.00306451612903,3.91345088161209,41.4532796691587,105792.898740554,151482.07929471,18091.9156675063,1005.37974811083,73.1450881612091,34.79919395466,30.7564735516373,3.55224181360202,2731.06740554156,650.415516372796,2482.25259445844,2015.3364231738,6880.54831234257,4169.77118387909,899.419445843829,1106675.59707809,15475.3072040302,151482.07929471,1106675.59707809,3523.73591939547,1005.37974811083,2015.3364231738,2482.25259445844,18091.9156675063,27118.6203526448,0.140111226813682,0.0359411006879065,0.648134577562391,0.0997691254644067,0.817229219143577,"Hospitality","Existing","Hotel","Los Angeles, CA","Hollywood/Beverly Hills","Los Angeles/Long Beach","Santa Monica","Los Angeles","90069","06/01/1929","Hilton Worldwide","Pebblebrook Hotel Trust","Luxury","Southern California Edison Co","Hilton","N","5 Star","Suburban","Pebblebrook Hotel Trust","BRE El Segundo Property Owner B LLC",383.82,102.514199364285,284.09,99.2748776796086
"Mar 2025",326574,0.017,236604,-0.02,91680771,-0.064,0.725,-0.037,387.49,-0.044,280.74,-0.079,3812598,0.005,2755576,0.001,1083860861,-0.013,0.723,-0.004,393.33,-0.014,284.28,-0.018,708455,NA,0.072,"CG_EmbCity","Mar",2025,2025-03-01,61,9925,9925,101075870.305556,1977.5640302267,1071307.15148387,2019.32492957746,6.71881487073033,7.51389970967742,5.29653776978417,1.00306451612903,3.91345088161209,41.4532796691587,105792.898740554,151482.07929471,18091.9156675063,1005.37974811083,73.1450881612091,34.79919395466,30.7564735516373,3.55224181360202,2731.06740554156,650.415516372796,2482.25259445844,2015.3364231738,6880.54831234257,4169.77118387909,899.419445843829,1106675.59707809,15475.3072040302,151482.07929471,1106675.59707809,3523.73591939547,1005.37974811083,2015.3364231738,2482.25259445844,18091.9156675063,27118.6203526448,0.140111226813682,0.0359411006879065,0.648134577562391,0.0997691254644067,0.817229219143577,"Hospitality","Existing","Hotel","Los Angeles, CA","Hollywood/Beverly Hills","Los Angeles/Long Beach","Santa Monica","Los Angeles","90069","06/01/1929","Hilton Worldwide","Pebblebrook Hotel Trust","Luxury","Southern California Edison Co","Hilton","N","5 Star","Suburban","Pebblebrook Hotel Trust","BRE El Segundo Property Owner B LLC",383.82,100.956177374811,284.09,98.8207962265479
"Apr 2025",316039,0.017,233916,0.047,89782643,0.035,0.74,0.029,383.82,-0.011,284.09,0.018,3817984,0.007,2766032,0.007,1086922767,-0.004,0.724,0,392.95,-0.011,284.68,-0.011,708033,NA,0.072,"CG_EmbCity","Apr",2025,2025-04-01,61,9925,9925,101075870.305556,1977.5640302267,1071307.15148387,2019.32492957746,6.71881487073033,7.51389970967742,5.29653776978417,1.00306451612903,3.91345088161209,41.4532796691587,105792.898740554,151482.07929471,18091.9156675063,1005.37974811083,73.1450881612091,34.79919395466,30.7564735516373,3.55224181360202,2731.06740554156,650.415516372796,2482.25259445844,2015.3364231738,6880.54831234257,4169.77118387909,899.419445843829,1106675.59707809,15475.3072040302,151482.07929471,1106675.59707809,3523.73591939547,1005.37974811083,2015.3364231738,2482.25259445844,18091.9156675063,27118.6203526448,0.140111226813682,0.0359411006879065,0.648134577562391,0.0997691254644067,0.817229219143577,"Hospitality","Existing","Hotel","Los Angeles, CA","Hollywood/Beverly Hills","Los Angeles/Long Beach","Santa Monica","Los Angeles","90069","06/01/1929","Hilton Worldwide","Pebblebrook Hotel Trust","Luxury","Southern California Edison Co","Hilton","N","5 Star","Suburban","Pebblebrook Hotel Trust","BRE El Segundo Property Owner B LLC",383.82,100,284.09,100
"May 2025",326574,0.017,246499,0.03,104560183,0.054,0.755,0.012,424.18,0.024,320.17,0.036,3823550,0.009,2773133,0.009,1092288765,0.001,0.725,0.001,393.88,-0.008,285.67,-0.008,707612,NA,0.072,"CG_EmbCity","May",2025,2025-05-01,61,9925,9925,101075870.305556,1977.5640302267,1071307.15148387,2019.32492957746,6.71881487073033,7.51389970967742,5.29653776978417,1.00306451612903,3.91345088161209,41.4532796691587,105792.898740554,151482.07929471,18091.9156675063,1005.37974811083,73.1450881612091,34.79919395466,30.7564735516373,3.55224181360202,2731.06740554156,650.415516372796,2482.25259445844,2015.3364231738,6880.54831234257,4169.77118387909,899.419445843829,1106675.59707809,15475.3072040302,151482.07929471,1106675.59707809,3523.73591939547,1005.37974811083,2015.3364231738,2482.25259445844,18091.9156675063,27118.6203526448,0.140111226813682,0.0359411006879065,0.648134577562391,0.0997691254644067,0.817229219143577,"Hospitality","Existing","Hotel","Los Angeles, CA","Hollywood/Beverly Hills","Los Angeles/Long Beach","Santa Monica","Los Angeles","90069","06/01/1929","Hilton Worldwide","Pebblebrook Hotel Trust","Luxury","Southern California Edison Co","Hilton","N","5 Star","Suburban","Pebblebrook Hotel Trust","BRE El Segundo Property Owner B LLC",383.82,110.51534573498,284.09,112.700200640642
"Jun 2025",316008,0.017,230713,-0.009,88244690,0.004,0.73,-0.025,382.49,0.013,279.25,-0.013,3828874,0.011,2771145,0.009,1092677017,0.008,0.724,-0.002,394.31,0,285.38,-0.002,707191,NA,0.073,"CG_EmbCity","Jun",2025,2025-06-01,61,9925,9925,101075870.305556,1977.5640302267,1071307.15148387,2019.32492957746,6.71881487073033,7.51389970967742,5.29653776978417,1.00306451612903,3.91345088161209,41.4532796691587,105792.898740554,151482.07929471,18091.9156675063,1005.37974811083,73.1450881612091,34.79919395466,30.7564735516373,3.55224181360202,2731.06740554156,650.415516372796,2482.25259445844,2015.3364231738,6880.54831234257,4169.77118387909,899.419445843829,1106675.59707809,15475.3072040302,151482.07929471,1106675.59707809,3523.73591939547,1005.37974811083,2015.3364231738,2482.25259445844,18091.9156675063,27118.6203526448,0.140111226813682,0.0359411006879065,0.648134577562391,0.0997691254644067,0.817229219143577,"Hospitality","Existing","Hotel","Los Angeles, CA","Hollywood/Beverly Hills","Los Angeles/Long Beach","Santa Monica","Los Angeles","90069","06/01/1929","Hilton Worldwide","Pebblebrook Hotel Trust","Luxury","Southern California Edison Co","Hilton","N","5 Star","Suburban","Pebblebrook Hotel Trust","BRE El Segundo Property Owner B LLC",383.82,99.6534834036788,284.09,98.2963145482066
"Jul 2025",320650,-0.001,238439,-0.047,94474825,-0.103,0.744,-0.045,396.22,-0.059,294.64,-0.101,3828419,0.011,2759497,0.002,1081856529,-0.003,0.721,-0.009,392.05,-0.005,282.59,-0.014,707661,NA,0.073,"CG_EmbCity","Jul",2025,2025-07-01,61,9925,9925,101075870.305556,1977.5640302267,1071307.15148387,2019.32492957746,6.71881487073033,7.51389970967742,5.29653776978417,1.00306451612903,3.91345088161209,41.4532796691587,105792.898740554,151482.07929471,18091.9156675063,1005.37974811083,73.1450881612091,34.79919395466,30.7564735516373,3.55224181360202,2731.06740554156,650.415516372796,2482.25259445844,2015.3364231738,6880.54831234257,4169.77118387909,899.419445843829,1106675.59707809,15475.3072040302,151482.07929471,1106675.59707809,3523.73591939547,1005.37974811083,2015.3364231738,2482.25259445844,18091.9156675063,27118.6203526448,0.140111226813682,0.0359411006879065,0.648134577562391,0.0997691254644067,0.817229219143577,"Hospitality","Existing","Hotel","Los Angeles, CA","Hollywood/Beverly Hills","Los Angeles/Long Beach","Santa Monica","Los Angeles","90069","06/01/1929","Hilton Worldwide","Pebblebrook Hotel Trust","Luxury","Southern California Edison Co","Hilton","N","5 Star","Suburban","Pebblebrook Hotel Trust","BRE El Segundo Property Owner B LLC",383.82,103.230681048408,284.09,103.713611883558
"Aug 2025",320650,-0.001,248220,-0.022,101568453,-0.036,0.774,-0.02,409.19,-0.015,316.76,-0.035,3827964,0.011,2753995,0.001,1078037314,0.002,0.719,-0.01,391.44,0.001,281.62,-0.009,708131,2.9e+07,0.073,"CG_EmbCity","Aug",2025,2025-08-01,61,9925,9925,101075870.305556,1977.5640302267,1071307.15148387,2019.32492957746,6.71881487073033,7.51389970967742,5.29653776978417,1.00306451612903,3.91345088161209,41.4532796691587,105792.898740554,151482.07929471,18091.9156675063,1005.37974811083,73.1450881612091,34.79919395466,30.7564735516373,3.55224181360202,2731.06740554156,650.415516372796,2482.25259445844,2015.3364231738,6880.54831234257,4169.77118387909,899.419445843829,1106675.59707809,15475.3072040302,151482.07929471,1106675.59707809,3523.73591939547,1005.37974811083,2015.3364231738,2482.25259445844,18091.9156675063,27118.6203526448,0.140111226813682,0.0359411006879065,0.648134577562391,0.0997691254644067,0.817229219143577,"Hospitality","Existing","Hotel","Los Angeles, CA","Hollywood/Beverly Hills","Los Angeles/Long Beach","Santa Monica","Los Angeles","90069","06/01/1929","Hilton Worldwide","Pebblebrook Hotel Trust","Luxury","Southern California Edison Co","Hilton","N","5 Star","Suburban","Pebblebrook Hotel Trust","BRE El Segundo Property Owner B LLC",383.82,106.609869209525,284.09,111.499876799606
"Sep 2025",310275,-0.002,228417,-0.039,86602841,-0.037,0.736,-0.037,379.14,0.001,279.12,-0.036,3827492,0.011,2744817,-0.007,1074672199,-0.007,0.717,-0.018,391.53,0,280.78,-0.018,708601,2.9e+07,0.073,"CG_EmbCity","Sep",2025,2025-09-01,61,9925,9925,101075870.305556,1977.5640302267,1071307.15148387,2019.32492957746,6.71881487073033,7.51389970967742,5.29653776978417,1.00306451612903,3.91345088161209,41.4532796691587,105792.898740554,151482.07929471,18091.9156675063,1005.37974811083,73.1450881612091,34.79919395466,30.7564735516373,3.55224181360202,2731.06740554156,650.415516372796,2482.25259445844,2015.3364231738,6880.54831234257,4169.77118387909,899.419445843829,1106675.59707809,15475.3072040302,151482.07929471,1106675.59707809,3523.73591939547,1005.37974811083,2015.3364231738,2482.25259445844,18091.9156675063,27118.6203526448,0.140111226813682,0.0359411006879065,0.648134577562391,0.0997691254644067,0.817229219143577,"Hospitality","Existing","Hotel","Los Angeles, CA","Hollywood/Beverly Hills","Los Angeles/Long Beach","Santa Monica","Los Angeles","90069","06/01/1929","Hilton Worldwide","Pebblebrook Hotel Trust","Luxury","Southern California Edison Co","Hilton","N","5 Star","Suburban","Pebblebrook Hotel Trust","BRE El Segundo Property Owner B LLC",383.82,98.7806784430202,284.09,98.2505544017741
"Oct 2025",320617,-0.018,252242,-0.002,100088237,0.017,0.787,0.017,396.79,0.019,312.17,0.036,3821568,0.008,2744373,-0.009,1076379109,-0.008,0.718,-0.017,392.21,0.001,281.66,-0.016,709403,2.9e+07,0.073,"CG_EmbCity","Oct",2025,2025-10-01,61,9925,9925,101075870.305556,1977.5640302267,1071307.15148387,2019.32492957746,6.71881487073033,7.51389970967742,5.29653776978417,1.00306451612903,3.91345088161209,41.4532796691587,105792.898740554,151482.07929471,18091.9156675063,1005.37974811083,73.1450881612091,34.79919395466,30.7564735516373,3.55224181360202,2731.06740554156,650.415516372796,2482.25259445844,2015.3364231738,6880.54831234257,4169.77118387909,899.419445843829,1106675.59707809,15475.3072040302,151482.07929471,1106675.59707809,3523.73591939547,1005.37974811083,2015.3364231738,2482.25259445844,18091.9156675063,27118.6203526448,0.140111226813682,0.0359411006879065,0.648134577562391,0.0997691254644067,0.817229219143577,"Hospitality","Existing","Hotel","Los Angeles, CA","Hollywood/Beverly Hills","Los Angeles/Long Beach","Santa Monica","Los Angeles","90069","06/01/1929","Hilton Worldwide","Pebblebrook Hotel Trust","Luxury","Southern California Edison Co","Hilton","N","5 Star","Suburban","Pebblebrook Hotel Trust","BRE El Segundo Property Owner B LLC",383.82,103.379188161117,284.09,109.884191629413
"Nov 2025",310275,-0.018,215845,-0.012,84422259,0.028,0.696,0.006,391.12,0.041,272.09,0.047,3815835,0.006,2741666,-0.011,1078705979,-0.007,0.718,-0.016,393.45,0.004,282.69,-0.012,710205,2.9e+07,0.073,"CG_EmbCity","Nov",2025,2025-11-01,61,9925,9925,101075870.305556,1977.5640302267,1071307.15148387,2019.32492957746,6.71881487073033,7.51389970967742,5.29653776978417,1.00306451612903,3.91345088161209,41.4532796691587,105792.898740554,151482.07929471,18091.9156675063,1005.37974811083,73.1450881612091,34.79919395466,30.7564735516373,3.55224181360202,2731.06740554156,650.415516372796,2482.25259445844,2015.3364231738,6880.54831234257,4169.77118387909,899.419445843829,1106675.59707809,15475.3072040302,151482.07929471,1106675.59707809,3523.73591939547,1005.37974811083,2015.3364231738,2482.25259445844,18091.9156675063,27118.6203526448,0.140111226813682,0.0359411006879065,0.648134577562391,0.0997691254644067,0.817229219143577,"Hospitality","Existing","Hotel","Los Angeles, CA","Hollywood/Beverly Hills","Los Angeles/Long Beach","Santa Monica","Los Angeles","90069","06/01/1929","Hilton Worldwide","Pebblebrook Hotel Trust","Luxury","Southern California Edison Co","Hilton","N","5 Star","Suburban","Pebblebrook Hotel Trust","BRE El Segundo Property Owner B LLC",383.82,101.901933197853,284.09,95.7759864831567
"Dec 2025",320617,-0.018,204671,-0.006,75764923,0.005,0.638,0.012,370.18,0.012,236.31,0.024,3809911,0.003,2740348,-0.012,1079108302,-0.008,0.719,-0.015,393.79,0.004,283.24,-0.011,711007,2.9e+07,0.073,"CG_EmbCity","Dec",2025,2025-12-01,61,9925,9925,101075870.305556,1977.5640302267,1071307.15148387,2019.32492957746,6.71881487073033,7.51389970967742,5.29653776978417,1.00306451612903,3.91345088161209,41.4532796691587,105792.898740554,151482.07929471,18091.9156675063,1005.37974811083,73.1450881612091,34.79919395466,30.7564735516373,3.55224181360202,2731.06740554156,650.415516372796,2482.25259445844,2015.3364231738,6880.54831234257,4169.77118387909,899.419445843829,1106675.59707809,15475.3072040302,151482.07929471,1106675.59707809,3523.73591939547,1005.37974811083,2015.3364231738,2482.25259445844,18091.9156675063,27118.6203526448,0.140111226813682,0.0359411006879065,0.648134577562391,0.0997691254644067,0.817229219143577,"Hospitality","Existing","Hotel","Los Angeles, CA","Hollywood/Beverly Hills","Los Angeles/Long Beach","Santa Monica","Los Angeles","90069","06/01/1929","Hilton Worldwide","Pebblebrook Hotel Trust","Luxury","Southern California Edison Co","Hilton","N","5 Star","Suburban","Pebblebrook Hotel Trust","BRE El Segundo Property Owner B LLC",383.82,96.4462508467511,284.09,83.1813861804358
"Jan 2026",320584,-0.018,220134,0.139,88558256,0.125,0.687,0.16,402.29,-0.012,276.24,0.146,3803921,0,2767189,0.003,1088962619,-0.001,0.727,0.002,393.53,-0.004,286.27,-0.001,709977,2.9e+07,0.073,"CG_EmbCity","Jan",2026,2026-01-01,61,9925,9925,101075870.305556,1977.5640302267,1071307.15148387,2019.32492957746,6.71881487073033,7.51389970967742,5.29653776978417,1.00306451612903,3.91345088161209,41.4532796691587,105792.898740554,151482.07929471,18091.9156675063,1005.37974811083,73.1450881612091,34.79919395466,30.7564735516373,3.55224181360202,2731.06740554156,650.415516372796,2482.25259445844,2015.3364231738,6880.54831234257,4169.77118387909,899.419445843829,1106675.59707809,15475.3072040302,151482.07929471,1106675.59707809,3523.73591939547,1005.37974811083,2015.3364231738,2482.25259445844,18091.9156675063,27118.6203526448,0.140111226813682,0.0359411006879065,0.648134577562391,0.0997691254644067,0.817229219143577,"Hospitality","Existing","Hotel","Los Angeles, CA","Hollywood/Beverly Hills","Los Angeles/Long Beach","Santa Monica","Los Angeles","90069","06/01/1929","Hilton Worldwide","Pebblebrook Hotel Trust","Luxury","Southern California Edison Co","Hilton","N","5 Star","Suburban","Pebblebrook Hotel Trust","BRE El Segundo Property Owner B LLC",383.82,104.812151529363,284.09,97.2367911577317
"Feb 2026",289560,-0.019,227155,0.074,98419262,0.183,0.784,0.094,433.27,0.101,339.89,0.205,3798423,-0.002,2782855,0.008,1104167342,0.013,0.733,0.01,396.78,0.005,290.69,0.015,708947,2.9e+07,0.073,"CG_EmbCity","Feb",2026,2026-02-01,61,9925,9925,101075870.305556,1977.5640302267,1071307.15148387,2019.32492957746,6.71881487073033,7.51389970967742,5.29653776978417,1.00306451612903,3.91345088161209,41.4532796691587,105792.898740554,151482.07929471,18091.9156675063,1005.37974811083,73.1450881612091,34.79919395466,30.7564735516373,3.55224181360202,2731.06740554156,650.415516372796,2482.25259445844,2015.3364231738,6880.54831234257,4169.77118387909,899.419445843829,1106675.59707809,15475.3072040302,151482.07929471,1106675.59707809,3523.73591939547,1005.37974811083,2015.3364231738,2482.25259445844,18091.9156675063,27118.6203526448,0.140111226813682,0.0359411006879065,0.648134577562391,0.0997691254644067,0.817229219143577,"Hospitality","Existing","Hotel","Los Angeles, CA","Hollywood/Beverly Hills","Los Angeles/Long Beach","Santa Monica","Los Angeles","90069","06/01/1929","Hilton Worldwide","Pebblebrook Hotel Trust","Luxury","Southern California Edison Co","Hilton","N","5 Star","Suburban","Pebblebrook Hotel Trust","BRE El Segundo Property Owner B LLC",383.82,112.883643374498,284.09,119.641662853321
"Mar 2026",320584,-0.018,253588,0.072,106472613,0.161,0.791,0.092,419.86,0.084,332.12,0.183,3792433,-0.005,2799839,0.016,1118959184,0.032,0.738,0.021,399.65,0.016,295.05,0.038,707918,2.9e+07,0.073,"CG_EmbCity","Mar",2026,2026-03-01,61,9925,9925,101075870.305556,1977.5640302267,1071307.15148387,2019.32492957746,6.71881487073033,7.51389970967742,5.29653776978417,1.00306451612903,3.91345088161209,41.4532796691587,105792.898740554,151482.07929471,18091.9156675063,1005.37974811083,73.1450881612091,34.79919395466,30.7564735516373,3.55224181360202,2731.06740554156,650.415516372796,2482.25259445844,2015.3364231738,6880.54831234257,4169.77118387909,899.419445843829,1106675.59707809,15475.3072040302,151482.07929471,1106675.59707809,3523.73591939547,1005.37974811083,2015.3364231738,2482.25259445844,18091.9156675063,27118.6203526448,0.140111226813682,0.0359411006879065,0.648134577562391,0.0997691254644067,0.817229219143577,"Hospitality","Existing","Hotel","Los Angeles, CA","Hollywood/Beverly Hills","Los Angeles/Long Beach","Santa Monica","Los Angeles","90069","06/01/1929","Hilton Worldwide","Pebblebrook Hotel Trust","Luxury","Southern California Edison Co","Hilton","N","5 Star","Suburban","Pebblebrook Hotel Trust","BRE El Segundo Property Owner B LLC",383.82,109.389818143922,284.09,116.906614101165
"Apr 2026",310243,-0.018,238361,0.019,97369615,0.085,0.768,0.038,408.5,0.064,313.85,0.105,3786637,-0.008,2804284,0.014,1126546157,0.036,0.741,0.022,401.72,0.022,297.51,0.045,707636,2.9e+07,0.073,"CG_EmbCity","Apr",2026,2026-04-01,61,9925,9925,101075870.305556,1977.5640302267,1071307.15148387,2019.32492957746,6.71881487073033,7.51389970967742,5.29653776978417,1.00306451612903,3.91345088161209,41.4532796691587,105792.898740554,151482.07929471,18091.9156675063,1005.37974811083,73.1450881612091,34.79919395466,30.7564735516373,3.55224181360202,2731.06740554156,650.415516372796,2482.25259445844,2015.3364231738,6880.54831234257,4169.77118387909,899.419445843829,1106675.59707809,15475.3072040302,151482.07929471,1106675.59707809,3523.73591939547,1005.37974811083,2015.3364231738,2482.25259445844,18091.9156675063,27118.6203526448,0.140111226813682,0.0359411006879065,0.648134577562391,0.0997691254644067,0.817229219143577,"Hospitality","Existing","Hotel","Los Angeles, CA","Hollywood/Beverly Hills","Los Angeles/Long Beach","Santa Monica","Los Angeles","90069","06/01/1929","Hilton Worldwide","Pebblebrook Hotel Trust","Luxury","Southern California Edison Co","Hilton","N","5 Star","Suburban","Pebblebrook Hotel Trust","BRE El Segundo Property Owner B LLC",383.82,106.430097441509,284.09,110.475553521771
"May 2026",320584,-0.018,246237,-0.001,113181019,0.082,0.768,0.018,459.64,0.084,353.05,0.103,3780647,-0.011,2804021,0.011,1135166992,0.039,0.742,0.023,404.84,0.028,300.26,0.051,707355,109475000,0.073,"CG_EmbCity","May",2026,2026-05-01,61,9925,9925,101075870.305556,1977.5640302267,1071307.15148387,2019.32492957746,6.71881487073033,7.51389970967742,5.29653776978417,1.00306451612903,3.91345088161209,41.4532796691587,105792.898740554,151482.07929471,18091.9156675063,1005.37974811083,73.1450881612091,34.79919395466,30.7564735516373,3.55224181360202,2731.06740554156,650.415516372796,2482.25259445844,2015.3364231738,6880.54831234257,4169.77118387909,899.419445843829,1106675.59707809,15475.3072040302,151482.07929471,1106675.59707809,3523.73591939547,1005.37974811083,2015.3364231738,2482.25259445844,18091.9156675063,27118.6203526448,0.140111226813682,0.0359411006879065,0.648134577562391,0.0997691254644067,0.817229219143577,"Hospitality","Existing","Hotel","Los Angeles, CA","Hollywood/Beverly Hills","Los Angeles/Long Beach","Santa Monica","Los Angeles","90069","06/01/1929","Hilton Worldwide","Pebblebrook Hotel Trust","Luxury","Southern California Edison Co","Hilton","N","5 Star","Suburban","Pebblebrook Hotel Trust","BRE El Segundo Property Owner B LLC",383.82,119.75405137825,284.09,124.273997676793
"Jun 2026",310212,-0.018,231254,0.002,110188898,0.249,0.745,0.021,476.48,0.246,355.21,0.272,3774851,-0.014,2804562,0.012,1157111200,0.059,0.743,0.027,412.58,0.046,306.53,0.074,707073,109475000,0.073,"CG_EmbCity","Jun",2026,2026-06-01,61,9925,9925,101075870.305556,1977.5640302267,1071307.15148387,2019.32492957746,6.71881487073033,7.51389970967742,5.29653776978417,1.00306451612903,3.91345088161209,41.4532796691587,105792.898740554,151482.07929471,18091.9156675063,1005.37974811083,73.1450881612091,34.79919395466,30.7564735516373,3.55224181360202,2731.06740554156,650.415516372796,2482.25259445844,2015.3364231738,6880.54831234257,4169.77118387909,899.419445843829,1106675.59707809,15475.3072040302,151482.07929471,1106675.59707809,3523.73591939547,1005.37974811083,2015.3364231738,2482.25259445844,18091.9156675063,27118.6203526448,0.140111226813682,0.0359411006879065,0.648134577562391,0.0997691254644067,0.817229219143577,"Hospitality","Existing","Hotel","Los Angeles, CA","Hollywood/Beverly Hills","Los Angeles/Long Beach","Santa Monica","Los Angeles","90069","06/01/1929","Hilton Worldwide","Pebblebrook Hotel Trust","Luxury","Southern California Edison Co","Hilton","N","5 Star","Suburban","Pebblebrook Hotel Trust","BRE El Segundo Property Owner B LLC",383.82,124.141524673024,284.09,125.034320109824
"Jul 2026",320552,0,242105,0.015,108914133,0.153,0.755,0.016,449.86,0.135,339.77,0.153,3774753,-0.014,2808229,0.018,1171550508,0.083,0.744,0.032,417.18,0.064,310.36,0.098,708951,172375000,0.073,"CG_EmbCity","Jul",2026,2026-07-01,61,9925,9925,101075870.305556,1977.5640302267,1071307.15148387,2019.32492957746,6.71881487073033,7.51389970967742,5.29653776978417,1.00306451612903,3.91345088161209,41.4532796691587,105792.898740554,151482.07929471,18091.9156675063,1005.37974811083,73.1450881612091,34.79919395466,30.7564735516373,3.55224181360202,2731.06740554156,650.415516372796,2482.25259445844,2015.3364231738,6880.54831234257,4169.77118387909,899.419445843829,1106675.59707809,15475.3072040302,151482.07929471,1106675.59707809,3523.73591939547,1005.37974811083,2015.3364231738,2482.25259445844,18091.9156675063,27118.6203526448,0.140111226813682,0.0359411006879065,0.648134577562391,0.0997691254644067,0.817229219143577,"Hospitality","Existing","Hotel","Los Angeles, CA","Hollywood/Beverly Hills","Los Angeles/Long Beach","Santa Monica","Los Angeles","90069","06/01/1929","Hilton Worldwide","Pebblebrook Hotel Trust","Luxury","Southern California Edison Co","Hilton","N","5 Star","Suburban","Pebblebrook Hotel Trust","BRE El Segundo Property Owner B LLC",383.82,117.205981970715,284.09,119.599422718153
"Aug 2026",320552,0,257101,0.036,114569536,0.128,0.802,0.036,445.62,0.089,357.41,0.128,3774655,-0.014,2817110,0.023,1184551591,0.099,0.746,0.037,420.48,0.074,313.82,0.114,710828,143375000,0.073,"CG_EmbCity","Aug",2026,2026-08-01,61,9925,9925,101075870.305556,1977.5640302267,1071307.15148387,2019.32492957746,6.71881487073033,7.51389970967742,5.29653776978417,1.00306451612903,3.91345088161209,41.4532796691587,105792.898740554,151482.07929471,18091.9156675063,1005.37974811083,73.1450881612091,34.79919395466,30.7564735516373,3.55224181360202,2731.06740554156,650.415516372796,2482.25259445844,2015.3364231738,6880.54831234257,4169.77118387909,899.419445843829,1106675.59707809,15475.3072040302,151482.07929471,1106675.59707809,3523.73591939547,1005.37974811083,2015.3364231738,2482.25259445844,18091.9156675063,27118.6203526448,0.140111226813682,0.0359411006879065,0.648134577562391,0.0997691254644067,0.817229219143577,"Hospitality","Existing","Hotel","Los Angeles, CA","Hollywood/Beverly Hills","Los Angeles/Long Beach","Santa Monica","Los Angeles","90069","06/01/1929","Hilton Worldwide","Pebblebrook Hotel Trust","Luxury","Southern California Edison Co","Hilton","N","5 Star","Suburban","Pebblebrook Hotel Trust","BRE El Segundo Property Owner B LLC",383.82,116.101297483195,284.09,125.808722587912
"Jan 2023",72228,0,43106,0.022,6606844,0.103,0.597,0.022,153.27,0.079,91.47,0.103,850426,-0.005,593368,0.041,97960876,0.25,0.698,0.047,165.09,0.201,115.19,0.257,171266,1.9e+07,0.08,"CG_Small","Jan",2023,2023-01-01,52,2519,2519,7738871.26276832,1966.33942040492,78381.6538156831,2019.27048260382,6.49051490514905,3.33133742926435,1.09690721649485,0.709760827407886,2.65303691941247,36.7131798362959,65957.4188169909,105410.837236999,16435.3231441048,4310.01111552203,1054.38467645891,129.221913457721,148.192933703851,13.9337038507344,22317.2671695117,2316.20444620881,11654.5220325526,2773.39896784438,12490.8146089718,11992.5351329893,3852.72727272727,967330.903136165,32739.9789599047,105410.837236999,967330.903136165,25979.2048431917,4310.01111552203,2773.39896784438,11654.5220325526,16435.3231441048,61152.4601032156,0.375136370886413,0.0725482386456798,0.336742713313526,0.164264809145828,0.278285033743549,"Hospitality","Existing","Hotel","Los Angeles, CA","Hollywood/Beverly Hills","Los Angeles/Long Beach","Los Angeles","Los Angeles","90028","06/01/1939","Paligroup Management LLC","Deva Capital","Economy","Los Angeles Department Of Water & Power","Best Western","N","2 Star","Urban","Deva Capital","802 Anderson Road Llc",159.87,95.8716457121411,115.78,79.0032820867162
"Feb 2023",65238,0,44948,0.021,7345402,-0.013,0.689,0.021,163.42,-0.034,112.59,-0.013,850426,-0.005,594313,0.026,97862781,0.19,0.699,0.031,164.67,0.16,115.08,0.196,171768,1.9e+07,0.08,"CG_Small","Feb",2023,2023-02-01,52,2519,2519,7738871.26276832,1966.33942040492,78381.6538156831,2019.27048260382,6.49051490514905,3.33133742926435,1.09690721649485,0.709760827407886,2.65303691941247,36.7131798362959,65957.4188169909,105410.837236999,16435.3231441048,4310.01111552203,1054.38467645891,129.221913457721,148.192933703851,13.9337038507344,22317.2671695117,2316.20444620881,11654.5220325526,2773.39896784438,12490.8146089718,11992.5351329893,3852.72727272727,967330.903136165,32739.9789599047,105410.837236999,967330.903136165,25979.2048431917,4310.01111552203,2773.39896784438,11654.5220325526,16435.3231441048,61152.4601032156,0.375136370886413,0.0725482386456798,0.336742713313526,0.164264809145828,0.278285033743549,"Hospitality","Existing","Hotel","Los Angeles, CA","Hollywood/Beverly Hills","Los Angeles/Long Beach","Los Angeles","Los Angeles","90028","06/01/1939","Paligroup Management LLC","Deva Capital","Economy","Los Angeles Department Of Water & Power","Best Western","N","2 Star","Urban","Deva Capital","802 Anderson Road Llc",159.87,102.220554200288,115.78,97.244774572465
"Mar 2023",72228,0,51910,0.034,8716715,0.099,0.719,0.034,167.92,0.063,120.68,0.099,850426,-0.005,596005,0.017,98644429,0.155,0.701,0.023,165.51,0.135,115.99,0.161,172270,1.9e+07,0.08,"CG_Small","Mar",2023,2023-03-01,52,2519,2519,7738871.26276832,1966.33942040492,78381.6538156831,2019.27048260382,6.49051490514905,3.33133742926435,1.09690721649485,0.709760827407886,2.65303691941247,36.7131798362959,65957.4188169909,105410.837236999,16435.3231441048,4310.01111552203,1054.38467645891,129.221913457721,148.192933703851,13.9337038507344,22317.2671695117,2316.20444620881,11654.5220325526,2773.39896784438,12490.8146089718,11992.5351329893,3852.72727272727,967330.903136165,32739.9789599047,105410.837236999,967330.903136165,25979.2048431917,4310.01111552203,2773.39896784438,11654.5220325526,16435.3231441048,61152.4601032156,0.375136370886413,0.0725482386456798,0.336742713313526,0.164264809145828,0.278285033743549,"Hospitality","Existing","Hotel","Los Angeles, CA","Hollywood/Beverly Hills","Los Angeles/Long Beach","Los Angeles","Los Angeles","90028","06/01/1939","Paligroup Management LLC","Deva Capital","Economy","Los Angeles Department Of Water & Power","Best Western","N","2 Star","Urban","Deva Capital","802 Anderson Road Llc",159.87,105.035341214737,115.78,104.232164449819
"Apr 2023",69898,0,49839,-0.03,8491061,0.007,0.713,-0.03,170.37,0.038,121.48,0.007,850426,-0.005,594472,0.004,98702020,0.117,0.699,0.01,166.03,0.112,116.06,0.122,172685,1.9e+07,0.081,"CG_Small","Apr",2023,2023-04-01,52,2519,2519,7738871.26276832,1966.33942040492,78381.6538156831,2019.27048260382,6.49051490514905,3.33133742926435,1.09690721649485,0.709760827407886,2.65303691941247,36.7131798362959,65957.4188169909,105410.837236999,16435.3231441048,4310.01111552203,1054.38467645891,129.221913457721,148.192933703851,13.9337038507344,22317.2671695117,2316.20444620881,11654.5220325526,2773.39896784438,12490.8146089718,11992.5351329893,3852.72727272727,967330.903136165,32739.9789599047,105410.837236999,967330.903136165,25979.2048431917,4310.01111552203,2773.39896784438,11654.5220325526,16435.3231441048,61152.4601032156,0.375136370886413,0.0725482386456798,0.336742713313526,0.164264809145828,0.278285033743549,"Hospitality","Existing","Hotel","Los Angeles, CA","Hollywood/Beverly Hills","Los Angeles/Long Beach","Los Angeles","Los Angeles","90028","06/01/1939","Paligroup Management LLC","Deva Capital","Economy","Los Angeles Department Of Water & Power","Best Western","N","2 Star","Urban","Deva Capital","802 Anderson Road Llc",159.87,106.567836367048,115.78,104.923130074279
"May 2023",72228,0,50165,-0.025,8489304,-0.015,0.695,-0.025,169.23,0.01,117.53,-0.015,850426,-0.005,593171,-0.001,98568704,0.088,0.697,0.004,166.17,0.089,115.91,0.093,173101,1.9e+07,0.081,"CG_Small","May",2023,2023-05-01,52,2519,2519,7738871.26276832,1966.33942040492,78381.6538156831,2019.27048260382,6.49051490514905,3.33133742926435,1.09690721649485,0.709760827407886,2.65303691941247,36.7131798362959,65957.4188169909,105410.837236999,16435.3231441048,4310.01111552203,1054.38467645891,129.221913457721,148.192933703851,13.9337038507344,22317.2671695117,2316.20444620881,11654.5220325526,2773.39896784438,12490.8146089718,11992.5351329893,3852.72727272727,967330.903136165,32739.9789599047,105410.837236999,967330.903136165,25979.2048431917,4310.01111552203,2773.39896784438,11654.5220325526,16435.3231441048,61152.4601032156,0.375136370886413,0.0725482386456798,0.336742713313526,0.164264809145828,0.278285033743549,"Hospitality","Existing","Hotel","Los Angeles, CA","Hollywood/Beverly Hills","Los Angeles/Long Beach","Los Angeles","Los Angeles","90028","06/01/1939","Paligroup Management LLC","Deva Capital","Economy","Los Angeles Department Of Water & Power","Best Western","N","2 Star","Urban","Deva Capital","802 Anderson Road Llc",159.87,105.854756990054,115.78,101.511487303507
"Jun 2023",69898,0,49749,-0.017,8476452,-0.008,0.712,-0.017,170.38,0.009,121.27,-0.008,850426,-0.005,592333,-0.002,98498922,0.069,0.697,0.003,166.29,0.071,115.82,0.074,173516,1.9e+07,0.082,"CG_Small","Jun",2023,2023-06-01,52,2519,2519,7738871.26276832,1966.33942040492,78381.6538156831,2019.27048260382,6.49051490514905,3.33133742926435,1.09690721649485,0.709760827407886,2.65303691941247,36.7131798362959,65957.4188169909,105410.837236999,16435.3231441048,4310.01111552203,1054.38467645891,129.221913457721,148.192933703851,13.9337038507344,22317.2671695117,2316.20444620881,11654.5220325526,2773.39896784438,12490.8146089718,11992.5351329893,3852.72727272727,967330.903136165,32739.9789599047,105410.837236999,967330.903136165,25979.2048431917,4310.01111552203,2773.39896784438,11654.5220325526,16435.3231441048,61152.4601032156,0.375136370886413,0.0725482386456798,0.336742713313526,0.164264809145828,0.278285033743549,"Hospitality","Existing","Hotel","Los Angeles, CA","Hollywood/Beverly Hills","Los Angeles/Long Beach","Los Angeles","Los Angeles","90028","06/01/1939","Paligroup Management LLC","Deva Capital","Economy","Los Angeles Department Of Water & Power","Best Western","N","2 Star","Urban","Deva Capital","802 Anderson Road Llc",159.87,106.574091449303,115.78,104.741751597858
"Jul 2023",72228,0,54159,0.012,9125533,-0.009,0.75,0.012,168.49,-0.021,126.34,-0.009,850426,-0.005,592956,0.004,98415040,0.061,0.697,0.01,165.97,0.056,115.72,0.066,174827,1.9e+07,0.082,"CG_Small","Jul",2023,2023-07-01,52,2519,2519,7738871.26276832,1966.33942040492,78381.6538156831,2019.27048260382,6.49051490514905,3.33133742926435,1.09690721649485,0.709760827407886,2.65303691941247,36.7131798362959,65957.4188169909,105410.837236999,16435.3231441048,4310.01111552203,1054.38467645891,129.221913457721,148.192933703851,13.9337038507344,22317.2671695117,2316.20444620881,11654.5220325526,2773.39896784438,12490.8146089718,11992.5351329893,3852.72727272727,967330.903136165,32739.9789599047,105410.837236999,967330.903136165,25979.2048431917,4310.01111552203,2773.39896784438,11654.5220325526,16435.3231441048,61152.4601032156,0.375136370886413,0.0725482386456798,0.336742713313526,0.164264809145828,0.278285033743549,"Hospitality","Existing","Hotel","Los Angeles, CA","Hollywood/Beverly Hills","Los Angeles/Long Beach","Los Angeles","Los Angeles","90028","06/01/1939","Paligroup Management LLC","Deva Capital","Economy","Los Angeles Department Of Water & Power","Best Western","N","2 Star","Urban","Deva Capital","802 Anderson Road Llc",159.87,105.391880903234,115.78,109.120746242874
"Aug 2023",72228,0,54090,0.029,9369942,0.064,0.749,0.029,173.23,0.034,129.73,0.064,850426,-0.005,594476,0.006,98975882,0.054,0.699,0.011,166.49,0.048,116.38,0.059,176137,1.9e+07,0.082,"CG_Small","Aug",2023,2023-08-01,52,2519,2519,7738871.26276832,1966.33942040492,78381.6538156831,2019.27048260382,6.49051490514905,3.33133742926435,1.09690721649485,0.709760827407886,2.65303691941247,36.7131798362959,65957.4188169909,105410.837236999,16435.3231441048,4310.01111552203,1054.38467645891,129.221913457721,148.192933703851,13.9337038507344,22317.2671695117,2316.20444620881,11654.5220325526,2773.39896784438,12490.8146089718,11992.5351329893,3852.72727272727,967330.903136165,32739.9789599047,105410.837236999,967330.903136165,25979.2048431917,4310.01111552203,2773.39896784438,11654.5220325526,16435.3231441048,61152.4601032156,0.375136370886413,0.0725482386456798,0.336742713313526,0.164264809145828,0.278285033743549,"Hospitality","Existing","Hotel","Los Angeles, CA","Hollywood/Beverly Hills","Los Angeles/Long Beach","Los Angeles","Los Angeles","90028","06/01/1939","Paligroup Management LLC","Deva Capital","Economy","Los Angeles Department Of Water & Power","Best Western","N","2 Star","Urban","Deva Capital","802 Anderson Road Llc",159.87,108.356789891787,115.78,112.048713076524
"Sep 2023",71568,0.024,50681,-0.034,8424636,-0.044,0.708,-0.056,166.23,-0.011,117.72,-0.066,852096,-0.002,592707,-0.006,98586350,0.029,0.696,-0.004,166.33,0.035,115.7,0.031,177448,1.9e+07,0.082,"CG_Small","Sep",2023,2023-09-01,52,2519,2519,7738871.26276832,1966.33942040492,78381.6538156831,2019.27048260382,6.49051490514905,3.33133742926435,1.09690721649485,0.709760827407886,2.65303691941247,36.7131798362959,65957.4188169909,105410.837236999,16435.3231441048,4310.01111552203,1054.38467645891,129.221913457721,148.192933703851,13.9337038507344,22317.2671695117,2316.20444620881,11654.5220325526,2773.39896784438,12490.8146089718,11992.5351329893,3852.72727272727,967330.903136165,32739.9789599047,105410.837236999,967330.903136165,25979.2048431917,4310.01111552203,2773.39896784438,11654.5220325526,16435.3231441048,61152.4601032156,0.375136370886413,0.0725482386456798,0.336742713313526,0.164264809145828,0.278285033743549,"Hospitality","Existing","Hotel","Los Angeles, CA","Hollywood/Beverly Hills","Los Angeles/Long Beach","Los Angeles","Los Angeles","90028","06/01/1939","Paligroup Management LLC","Deva Capital","Economy","Los Angeles Department Of Water & Power","Best Western","N","2 Star","Urban","Deva Capital","802 Anderson Road Llc",159.87,103.978232313755,115.78,101.675591639316
"Oct 2023",73953,0.024,55000,0.018,9429467,0.024,0.744,-0.006,171.44,0.006,127.51,0,853821,0.002,593675,-0.008,98802941,0.016,0.695,-0.01,166.43,0.024,115.72,0.014,178637,1.9e+07,0.083,"CG_Small","Oct",2023,2023-10-01,52,2519,2519,7738871.26276832,1966.33942040492,78381.6538156831,2019.27048260382,6.49051490514905,3.33133742926435,1.09690721649485,0.709760827407886,2.65303691941247,36.7131798362959,65957.4188169909,105410.837236999,16435.3231441048,4310.01111552203,1054.38467645891,129.221913457721,148.192933703851,13.9337038507344,22317.2671695117,2316.20444620881,11654.5220325526,2773.39896784438,12490.8146089718,11992.5351329893,3852.72727272727,967330.903136165,32739.9789599047,105410.837236999,967330.903136165,25979.2048431917,4310.01111552203,2773.39896784438,11654.5220325526,16435.3231441048,61152.4601032156,0.375136370886413,0.0725482386456798,0.336742713313526,0.164264809145828,0.278285033743549,"Hospitality","Existing","Hotel","Los Angeles, CA","Hollywood/Beverly Hills","Los Angeles/Long Beach","Los Angeles","Los Angeles","90028","06/01/1939","Paligroup Management LLC","Deva Capital","Economy","Los Angeles Department Of Water & Power","Best Western","N","2 Star","Urban","Deva Capital","802 Anderson Road Llc",159.87,107.237130168262,115.78,110.131283468647
"Nov 2023",71568,0.024,44825,-0.026,7121542,-0.055,0.626,-0.049,158.87,-0.029,99.51,-0.077,855491,0.006,592477,-0.007,98391772,0.007,0.693,-0.013,166.07,0.014,115.01,0.001,179826,9e+06,0.083,"CG_Small","Nov",2023,2023-11-01,52,2519,2519,7738871.26276832,1966.33942040492,78381.6538156831,2019.27048260382,6.49051490514905,3.33133742926435,1.09690721649485,0.709760827407886,2.65303691941247,36.7131798362959,65957.4188169909,105410.837236999,16435.3231441048,4310.01111552203,1054.38467645891,129.221913457721,148.192933703851,13.9337038507344,22317.2671695117,2316.20444620881,11654.5220325526,2773.39896784438,12490.8146089718,11992.5351329893,3852.72727272727,967330.903136165,32739.9789599047,105410.837236999,967330.903136165,25979.2048431917,4310.01111552203,2773.39896784438,11654.5220325526,16435.3231441048,61152.4601032156,0.375136370886413,0.0725482386456798,0.336742713313526,0.164264809145828,0.278285033743549,"Hospitality","Existing","Hotel","Los Angeles, CA","Hollywood/Beverly Hills","Los Angeles/Long Beach","Los Angeles","Los Angeles","90028","06/01/1939","Paligroup Management LLC","Deva Capital","Economy","Los Angeles Department Of Water & Power","Best Western","N","2 Star","Urban","Deva Capital","802 Anderson Road Llc",159.87,99.3744917745668,115.78,85.947486612541
"Dec 2023",73953,0.024,44991,0.022,6829861,0.005,0.608,-0.001,151.8,-0.017,92.35,-0.018,857216,0.008,593465,0.002,98426759,0.011,0.692,-0.006,165.85,0.009,114.82,0.003,181015,9e+06,0.084,"CG_Small","Dec",2023,2023-12-01,52,2519,2519,7738871.26276832,1966.33942040492,78381.6538156831,2019.27048260382,6.49051490514905,3.33133742926435,1.09690721649485,0.709760827407886,2.65303691941247,36.7131798362959,65957.4188169909,105410.837236999,16435.3231441048,4310.01111552203,1054.38467645891,129.221913457721,148.192933703851,13.9337038507344,22317.2671695117,2316.20444620881,11654.5220325526,2773.39896784438,12490.8146089718,11992.5351329893,3852.72727272727,967330.903136165,32739.9789599047,105410.837236999,967330.903136165,25979.2048431917,4310.01111552203,2773.39896784438,11654.5220325526,16435.3231441048,61152.4601032156,0.375136370886413,0.0725482386456798,0.336742713313526,0.164264809145828,0.278285033743549,"Hospitality","Existing","Hotel","Los Angeles, CA","Hollywood/Beverly Hills","Los Angeles/Long Beach","Los Angeles","Los Angeles","90028","06/01/1939","Paligroup Management LLC","Deva Capital","Economy","Los Angeles Department Of Water & Power","Best Western","N","2 Star","Urban","Deva Capital","802 Anderson Road Llc",159.87,94.9521486207544,115.78,79.7633442736224
"Jan 2024",73953,0.024,44668,0.036,6562305,-0.007,0.604,0.012,146.91,-0.041,88.74,-0.03,858941,0.01,595027,0.003,98382220,0.004,0.693,-0.007,165.34,0.002,114.54,-0.006,183105,NA,0.084,"CG_Small","Jan",2024,2024-01-01,52,2519,2519,7738871.26276832,1966.33942040492,78381.6538156831,2019.27048260382,6.49051490514905,3.33133742926435,1.09690721649485,0.709760827407886,2.65303691941247,36.7131798362959,65957.4188169909,105410.837236999,16435.3231441048,4310.01111552203,1054.38467645891,129.221913457721,148.192933703851,13.9337038507344,22317.2671695117,2316.20444620881,11654.5220325526,2773.39896784438,12490.8146089718,11992.5351329893,3852.72727272727,967330.903136165,32739.9789599047,105410.837236999,967330.903136165,25979.2048431917,4310.01111552203,2773.39896784438,11654.5220325526,16435.3231441048,61152.4601032156,0.375136370886413,0.0725482386456798,0.336742713313526,0.164264809145828,0.278285033743549,"Hospitality","Existing","Hotel","Los Angeles, CA","Hollywood/Beverly Hills","Los Angeles/Long Beach","Los Angeles","Los Angeles","90028","06/01/1939","Paligroup Management LLC","Deva Capital","Economy","Los Angeles Department Of Water & Power","Best Western","N","2 Star","Urban","Deva Capital","802 Anderson Road Llc",159.87,91.8934133983862,115.78,76.6453618932458
"Feb 2024",68325,0.047,45349,0.009,7281140,-0.009,0.664,-0.037,160.56,-0.017,106.57,-0.054,862028,0.014,595427,0.002,98317958,0.005,0.691,-0.012,165.12,0.003,114.05,-0.009,185194,NA,0.084,"CG_Small","Feb",2024,2024-02-01,52,2519,2519,7738871.26276832,1966.33942040492,78381.6538156831,2019.27048260382,6.49051490514905,3.33133742926435,1.09690721649485,0.709760827407886,2.65303691941247,36.7131798362959,65957.4188169909,105410.837236999,16435.3231441048,4310.01111552203,1054.38467645891,129.221913457721,148.192933703851,13.9337038507344,22317.2671695117,2316.20444620881,11654.5220325526,2773.39896784438,12490.8146089718,11992.5351329893,3852.72727272727,967330.903136165,32739.9789599047,105410.837236999,967330.903136165,25979.2048431917,4310.01111552203,2773.39896784438,11654.5220325526,16435.3231441048,61152.4601032156,0.375136370886413,0.0725482386456798,0.336742713313526,0.164264809145828,0.278285033743549,"Hospitality","Existing","Hotel","Los Angeles, CA","Hollywood/Beverly Hills","Los Angeles/Long Beach","Los Angeles","Los Angeles","90028","06/01/1939","Paligroup Management LLC","Deva Capital","Economy","Los Angeles Department Of Water & Power","Best Western","N","2 Star","Urban","Deva Capital","802 Anderson Road Llc",159.87,100.431600675549,115.78,92.0452582484021
"Mar 2024",75646,0.047,55312,0.066,8867292,0.017,0.731,0.017,160.31,-0.045,117.22,-0.029,865446,0.018,598830,0.005,98468536,-0.002,0.692,-0.013,164.43,-0.006,113.78,-0.019,187284,NA,0.084,"CG_Small","Mar",2024,2024-03-01,52,2519,2519,7738871.26276832,1966.33942040492,78381.6538156831,2019.27048260382,6.49051490514905,3.33133742926435,1.09690721649485,0.709760827407886,2.65303691941247,36.7131798362959,65957.4188169909,105410.837236999,16435.3231441048,4310.01111552203,1054.38467645891,129.221913457721,148.192933703851,13.9337038507344,22317.2671695117,2316.20444620881,11654.5220325526,2773.39896784438,12490.8146089718,11992.5351329893,3852.72727272727,967330.903136165,32739.9789599047,105410.837236999,967330.903136165,25979.2048431917,4310.01111552203,2773.39896784438,11654.5220325526,16435.3231441048,61152.4601032156,0.375136370886413,0.0725482386456798,0.336742713313526,0.164264809145828,0.278285033743549,"Hospitality","Existing","Hotel","Los Angeles, CA","Hollywood/Beverly Hills","Los Angeles/Long Beach","Los Angeles","Los Angeles","90028","06/01/1939","Paligroup Management LLC","Deva Capital","Economy","Los Angeles Department Of Water & Power","Best Western","N","2 Star","Urban","Deva Capital","802 Anderson Road Llc",159.87,100.275223619191,115.78,101.243738124028
"Apr 2024",73206,0.047,49212,-0.013,7874392,-0.073,0.672,-0.057,160.01,-0.061,107.56,-0.115,868754,0.022,598203,0.006,97851867,-0.009,0.689,-0.015,163.58,-0.015,112.63,-0.03,189171,NA,0.085,"CG_Small","Apr",2024,2024-04-01,52,2519,2519,7738871.26276832,1966.33942040492,78381.6538156831,2019.27048260382,6.49051490514905,3.33133742926435,1.09690721649485,0.709760827407886,2.65303691941247,36.7131798362959,65957.4188169909,105410.837236999,16435.3231441048,4310.01111552203,1054.38467645891,129.221913457721,148.192933703851,13.9337038507344,22317.2671695117,2316.20444620881,11654.5220325526,2773.39896784438,12490.8146089718,11992.5351329893,3852.72727272727,967330.903136165,32739.9789599047,105410.837236999,967330.903136165,25979.2048431917,4310.01111552203,2773.39896784438,11654.5220325526,16435.3231441048,61152.4601032156,0.375136370886413,0.0725482386456798,0.336742713313526,0.164264809145828,0.278285033743549,"Hospitality","Existing","Hotel","Los Angeles, CA","Hollywood/Beverly Hills","Los Angeles/Long Beach","Los Angeles","Los Angeles","90028","06/01/1939","Paligroup Management LLC","Deva Capital","Economy","Los Angeles Department Of Water & Power","Best Western","N","2 Star","Urban","Deva Capital","802 Anderson Road Llc",159.87,100.087571151561,115.78,92.9003282086716
"May 2024",75646,0.047,53631,0.069,8934958,0.052,0.709,0.021,166.6,-0.016,118.12,0.005,872172,0.026,601669,0.014,98297521,-0.003,0.69,-0.011,163.37,-0.017,112.7,-0.028,191058,NA,0.085,"CG_Small","May",2024,2024-05-01,52,2519,2519,7738871.26276832,1966.33942040492,78381.6538156831,2019.27048260382,6.49051490514905,3.33133742926435,1.09690721649485,0.709760827407886,2.65303691941247,36.7131798362959,65957.4188169909,105410.837236999,16435.3231441048,4310.01111552203,1054.38467645891,129.221913457721,148.192933703851,13.9337038507344,22317.2671695117,2316.20444620881,11654.5220325526,2773.39896784438,12490.8146089718,11992.5351329893,3852.72727272727,967330.903136165,32739.9789599047,105410.837236999,967330.903136165,25979.2048431917,4310.01111552203,2773.39896784438,11654.5220325526,16435.3231441048,61152.4601032156,0.375136370886413,0.0725482386456798,0.336742713313526,0.164264809145828,0.278285033743549,"Hospitality","Existing","Hotel","Los Angeles, CA","Hollywood/Beverly Hills","Los Angeles/Long Beach","Los Angeles","Los Angeles","90028","06/01/1939","Paligroup Management LLC","Deva Capital","Economy","Los Angeles Department Of Water & Power","Best Western","N","2 Star","Urban","Deva Capital","802 Anderson Road Llc",159.87,104.209670357165,115.78,102.021074451546
"Jun 2024",73206,0.047,52270,0.051,8529491,0.006,0.714,0.003,163.18,-0.042,116.51,-0.039,875480,0.029,604190,0.02,98350560,-0.002,0.69,-0.009,162.78,-0.021,112.34,-0.03,192945,1.2e+07,0.085,"CG_Small","Jun",2024,2024-06-01,52,2519,2519,7738871.26276832,1966.33942040492,78381.6538156831,2019.27048260382,6.49051490514905,3.33133742926435,1.09690721649485,0.709760827407886,2.65303691941247,36.7131798362959,65957.4188169909,105410.837236999,16435.3231441048,4310.01111552203,1054.38467645891,129.221913457721,148.192933703851,13.9337038507344,22317.2671695117,2316.20444620881,11654.5220325526,2773.39896784438,12490.8146089718,11992.5351329893,3852.72727272727,967330.903136165,32739.9789599047,105410.837236999,967330.903136165,25979.2048431917,4310.01111552203,2773.39896784438,11654.5220325526,16435.3231441048,61152.4601032156,0.375136370886413,0.0725482386456798,0.336742713313526,0.164264809145828,0.278285033743549,"Hospitality","Existing","Hotel","Los Angeles, CA","Hollywood/Beverly Hills","Los Angeles/Long Beach","Los Angeles","Los Angeles","90028","06/01/1939","Paligroup Management LLC","Deva Capital","Economy","Los Angeles Department Of Water & Power","Best Western","N","2 Star","Urban","Deva Capital","802 Anderson Road Llc",159.87,102.070432226184,115.78,100.63050613232
"Jul 2024",75646,0.047,58080,0.072,9686182,0.061,0.768,0.024,166.77,-0.01,128.05,0.013,878898,0.033,608110,0.026,98911209,0.005,0.692,-0.008,162.65,-0.02,112.54,-0.028,194428,1.2e+07,0.085,"CG_Small","Jul",2024,2024-07-01,52,2519,2519,7738871.26276832,1966.33942040492,78381.6538156831,2019.27048260382,6.49051490514905,3.33133742926435,1.09690721649485,0.709760827407886,2.65303691941247,36.7131798362959,65957.4188169909,105410.837236999,16435.3231441048,4310.01111552203,1054.38467645891,129.221913457721,148.192933703851,13.9337038507344,22317.2671695117,2316.20444620881,11654.5220325526,2773.39896784438,12490.8146089718,11992.5351329893,3852.72727272727,967330.903136165,32739.9789599047,105410.837236999,967330.903136165,25979.2048431917,4310.01111552203,2773.39896784438,11654.5220325526,16435.3231441048,61152.4601032156,0.375136370886413,0.0725482386456798,0.336742713313526,0.164264809145828,0.278285033743549,"Hospitality","Existing","Hotel","Los Angeles, CA","Hollywood/Beverly Hills","Los Angeles/Long Beach","Los Angeles","Los Angeles","90028","06/01/1939","Paligroup Management LLC","Deva Capital","Economy","Los Angeles Department Of Water & Power","Best Western","N","2 Star","Urban","Deva Capital","802 Anderson Road Llc",159.87,104.316006755489,115.78,110.597685265158
"Aug 2024",75646,0.047,56444,0.044,9115935,-0.027,0.746,-0.004,161.5,-0.068,120.51,-0.071,882316,0.037,610464,0.027,98657202,-0.003,0.692,-0.01,161.61,-0.029,111.82,-0.039,195910,1.2e+07,0.086,"CG_Small","Aug",2024,2024-08-01,52,2519,2519,7738871.26276832,1966.33942040492,78381.6538156831,2019.27048260382,6.49051490514905,3.33133742926435,1.09690721649485,0.709760827407886,2.65303691941247,36.7131798362959,65957.4188169909,105410.837236999,16435.3231441048,4310.01111552203,1054.38467645891,129.221913457721,148.192933703851,13.9337038507344,22317.2671695117,2316.20444620881,11654.5220325526,2773.39896784438,12490.8146089718,11992.5351329893,3852.72727272727,967330.903136165,32739.9789599047,105410.837236999,967330.903136165,25979.2048431917,4310.01111552203,2773.39896784438,11654.5220325526,16435.3231441048,61152.4601032156,0.375136370886413,0.0725482386456798,0.336742713313526,0.164264809145828,0.278285033743549,"Hospitality","Existing","Hotel","Los Angeles, CA","Hollywood/Beverly Hills","Los Angeles/Long Beach","Los Angeles","Los Angeles","90028","06/01/1939","Paligroup Management LLC","Deva Capital","Economy","Los Angeles Department Of Water & Power","Best Western","N","2 Star","Urban","Deva Capital","802 Anderson Road Llc",159.87,101.019578407456,115.78,104.085334254621
"Sep 2024",73206,0.023,54756,0.08,8976417,0.065,0.748,0.056,163.93,-0.014,122.62,0.042,883954,0.037,614539,0.037,99208984,0.006,0.695,-0.001,161.44,-0.029,112.23,-0.03,197393,1.2e+07,0.086,"CG_Small","Sep",2024,2024-09-01,52,2519,2519,7738871.26276832,1966.33942040492,78381.6538156831,2019.27048260382,6.49051490514905,3.33133742926435,1.09690721649485,0.709760827407886,2.65303691941247,36.7131798362959,65957.4188169909,105410.837236999,16435.3231441048,4310.01111552203,1054.38467645891,129.221913457721,148.192933703851,13.9337038507344,22317.2671695117,2316.20444620881,11654.5220325526,2773.39896784438,12490.8146089718,11992.5351329893,3852.72727272727,967330.903136165,32739.9789599047,105410.837236999,967330.903136165,25979.2048431917,4310.01111552203,2773.39896784438,11654.5220325526,16435.3231441048,61152.4601032156,0.375136370886413,0.0725482386456798,0.336742713313526,0.164264809145828,0.278285033743549,"Hospitality","Existing","Hotel","Los Angeles, CA","Hollywood/Beverly Hills","Los Angeles/Long Beach","Los Angeles","Los Angeles","90028","06/01/1939","Paligroup Management LLC","Deva Capital","Economy","Los Angeles Department Of Water & Power","Best Western","N","2 Star","Urban","Deva Capital","802 Anderson Road Llc",159.87,102.539563395259,115.78,105.907756089135
"Oct 2024",75646,0.023,56736,0.032,9599158,0.018,0.75,0.008,169.19,-0.013,126.9,-0.005,885647,0.037,616275,0.038,99378675,0.006,0.696,0.001,161.26,-0.031,112.21,-0.03,198251,1.2e+07,0.086,"CG_Small","Oct",2024,2024-10-01,52,2519,2519,7738871.26276832,1966.33942040492,78381.6538156831,2019.27048260382,6.49051490514905,3.33133742926435,1.09690721649485,0.709760827407886,2.65303691941247,36.7131798362959,65957.4188169909,105410.837236999,16435.3231441048,4310.01111552203,1054.38467645891,129.221913457721,148.192933703851,13.9337038507344,22317.2671695117,2316.20444620881,11654.5220325526,2773.39896784438,12490.8146089718,11992.5351329893,3852.72727272727,967330.903136165,32739.9789599047,105410.837236999,967330.903136165,25979.2048431917,4310.01111552203,2773.39896784438,11654.5220325526,16435.3231441048,61152.4601032156,0.375136370886413,0.0725482386456798,0.336742713313526,0.164264809145828,0.278285033743549,"Hospitality","Existing","Hotel","Los Angeles, CA","Hollywood/Beverly Hills","Los Angeles/Long Beach","Los Angeles","Los Angeles","90028","06/01/1939","Paligroup Management LLC","Deva Capital","Economy","Los Angeles Department Of Water & Power","Best Western","N","2 Star","Urban","Deva Capital","802 Anderson Road Llc",159.87,105.829736661037,115.78,109.604422179997
"Nov 2024",73206,0.023,48345,0.079,7714600,0.083,0.66,0.054,159.57,0.004,105.38,0.059,887285,0.037,619795,0.046,99971732,0.016,0.699,0.009,161.3,-0.029,112.67,-0.02,199110,1.2e+07,0.086,"CG_Small","Nov",2024,2024-11-01,52,2519,2519,7738871.26276832,1966.33942040492,78381.6538156831,2019.27048260382,6.49051490514905,3.33133742926435,1.09690721649485,0.709760827407886,2.65303691941247,36.7131798362959,65957.4188169909,105410.837236999,16435.3231441048,4310.01111552203,1054.38467645891,129.221913457721,148.192933703851,13.9337038507344,22317.2671695117,2316.20444620881,11654.5220325526,2773.39896784438,12490.8146089718,11992.5351329893,3852.72727272727,967330.903136165,32739.9789599047,105410.837236999,967330.903136165,25979.2048431917,4310.01111552203,2773.39896784438,11654.5220325526,16435.3231441048,61152.4601032156,0.375136370886413,0.0725482386456798,0.336742713313526,0.164264809145828,0.278285033743549,"Hospitality","Existing","Hotel","Los Angeles, CA","Hollywood/Beverly Hills","Los Angeles/Long Beach","Los Angeles","Los Angeles","90028","06/01/1939","Paligroup Management LLC","Deva Capital","Economy","Los Angeles Department Of Water & Power","Best Western","N","2 Star","Urban","Deva Capital","802 Anderson Road Llc",159.87,99.81234753237,115.78,91.0174468820176
"Dec 2024",75646,0.023,45738,0.017,6807868,-0.003,0.605,-0.006,148.85,-0.019,90,-0.026,888978,0.037,620542,0.046,99949739,0.015,0.698,0.008,161.07,-0.029,112.43,-0.021,199968,1.2e+07,0.087,"CG_Small","Dec",2024,2024-12-01,52,2519,2519,7738871.26276832,1966.33942040492,78381.6538156831,2019.27048260382,6.49051490514905,3.33133742926435,1.09690721649485,0.709760827407886,2.65303691941247,36.7131798362959,65957.4188169909,105410.837236999,16435.3231441048,4310.01111552203,1054.38467645891,129.221913457721,148.192933703851,13.9337038507344,22317.2671695117,2316.20444620881,11654.5220325526,2773.39896784438,12490.8146089718,11992.5351329893,3852.72727272727,967330.903136165,32739.9789599047,105410.837236999,967330.903136165,25979.2048431917,4310.01111552203,2773.39896784438,11654.5220325526,16435.3231441048,61152.4601032156,0.375136370886413,0.0725482386456798,0.336742713313526,0.164264809145828,0.278285033743549,"Hospitality","Existing","Hotel","Los Angeles, CA","Hollywood/Beverly Hills","Los Angeles/Long Beach","Los Angeles","Los Angeles","90028","06/01/1939","Paligroup Management LLC","Deva Capital","Economy","Los Angeles Department Of Water & Power","Best Western","N","2 Star","Urban","Deva Capital","802 Anderson Road Llc",159.87,93.1068993557265,115.78,77.7336327517706
"Jan 2025",75646,0.023,47695,0.068,6847429,0.043,0.63,0.044,143.57,-0.023,90.52,0.02,890671,0.037,623568,0.048,100234863,0.019,0.7,0.011,160.74,-0.028,112.54,-0.017,200731,1.2e+07,0.087,"CG_Small","Jan",2025,2025-01-01,52,2519,2519,7738871.26276832,1966.33942040492,78381.6538156831,2019.27048260382,6.49051490514905,3.33133742926435,1.09690721649485,0.709760827407886,2.65303691941247,36.7131798362959,65957.4188169909,105410.837236999,16435.3231441048,4310.01111552203,1054.38467645891,129.221913457721,148.192933703851,13.9337038507344,22317.2671695117,2316.20444620881,11654.5220325526,2773.39896784438,12490.8146089718,11992.5351329893,3852.72727272727,967330.903136165,32739.9789599047,105410.837236999,967330.903136165,25979.2048431917,4310.01111552203,2773.39896784438,11654.5220325526,16435.3231441048,61152.4601032156,0.375136370886413,0.0725482386456798,0.336742713313526,0.164264809145828,0.278285033743549,"Hospitality","Existing","Hotel","Los Angeles, CA","Hollywood/Beverly Hills","Los Angeles/Long Beach","Los Angeles","Los Angeles","90028","06/01/1939","Paligroup Management LLC","Deva Capital","Economy","Los Angeles Department Of Water & Power","Best Western","N","2 Star","Urban","Deva Capital","802 Anderson Road Llc",159.87,89.8042159254394,115.78,78.1827604076697
"Feb 2025",68325,0,48885,0.078,7467370,0.026,0.715,0.078,152.76,-0.049,109.29,0.026,890671,0.033,627104,0.053,100421093,0.021,0.704,0.019,160.13,-0.03,112.75,-0.011,201494,29616500,0.087,"CG_Small","Feb",2025,2025-02-01,52,2519,2519,7738871.26276832,1966.33942040492,78381.6538156831,2019.27048260382,6.49051490514905,3.33133742926435,1.09690721649485,0.709760827407886,2.65303691941247,36.7131798362959,65957.4188169909,105410.837236999,16435.3231441048,4310.01111552203,1054.38467645891,129.221913457721,148.192933703851,13.9337038507344,22317.2671695117,2316.20444620881,11654.5220325526,2773.39896784438,12490.8146089718,11992.5351329893,3852.72727272727,967330.903136165,32739.9789599047,105410.837236999,967330.903136165,25979.2048431917,4310.01111552203,2773.39896784438,11654.5220325526,16435.3231441048,61152.4601032156,0.375136370886413,0.0725482386456798,0.336742713313526,0.164264809145828,0.278285033743549,"Hospitality","Existing","Hotel","Los Angeles, CA","Hollywood/Beverly Hills","Los Angeles/Long Beach","Los Angeles","Los Angeles","90028","06/01/1939","Paligroup Management LLC","Deva Capital","Economy","Los Angeles Department Of Water & Power","Best Western","N","2 Star","Urban","Deva Capital","802 Anderson Road Llc",159.87,95.5526365171702,115.78,94.3945413715668
"Mar 2025",75646,0,55111,-0.004,8604691,-0.03,0.729,-0.004,156.13,-0.026,113.75,-0.03,890671,0.029,626903,0.047,100158492,0.017,0.704,0.017,159.77,-0.028,112.45,-0.012,202256,39036500,0.087,"CG_Small","Mar",2025,2025-03-01,52,2519,2519,7738871.26276832,1966.33942040492,78381.6538156831,2019.27048260382,6.49051490514905,3.33133742926435,1.09690721649485,0.709760827407886,2.65303691941247,36.7131798362959,65957.4188169909,105410.837236999,16435.3231441048,4310.01111552203,1054.38467645891,129.221913457721,148.192933703851,13.9337038507344,22317.2671695117,2316.20444620881,11654.5220325526,2773.39896784438,12490.8146089718,11992.5351329893,3852.72727272727,967330.903136165,32739.9789599047,105410.837236999,967330.903136165,25979.2048431917,4310.01111552203,2773.39896784438,11654.5220325526,16435.3231441048,61152.4601032156,0.375136370886413,0.0725482386456798,0.336742713313526,0.164264809145828,0.278285033743549,"Hospitality","Existing","Hotel","Los Angeles, CA","Hollywood/Beverly Hills","Los Angeles/Long Beach","Los Angeles","Los Angeles","90028","06/01/1939","Paligroup Management LLC","Deva Capital","Economy","Los Angeles Department Of Water & Power","Best Western","N","2 Star","Urban","Deva Capital","802 Anderson Road Llc",159.87,97.66059923688,115.78,98.2466747279323
"Apr 2025",73206,0,53016,0.077,8475573,0.076,0.724,0.077,159.87,-0.001,115.78,0.076,890671,0.025,630707,0.054,100759672,0.03,0.708,0.028,159.76,-0.023,113.13,0.004,202357,39036500,0.088,"CG_Small","Apr",2025,2025-04-01,52,2519,2519,7738871.26276832,1966.33942040492,78381.6538156831,2019.27048260382,6.49051490514905,3.33133742926435,1.09690721649485,0.709760827407886,2.65303691941247,36.7131798362959,65957.4188169909,105410.837236999,16435.3231441048,4310.01111552203,1054.38467645891,129.221913457721,148.192933703851,13.9337038507344,22317.2671695117,2316.20444620881,11654.5220325526,2773.39896784438,12490.8146089718,11992.5351329893,3852.72727272727,967330.903136165,32739.9789599047,105410.837236999,967330.903136165,25979.2048431917,4310.01111552203,2773.39896784438,11654.5220325526,16435.3231441048,61152.4601032156,0.375136370886413,0.0725482386456798,0.336742713313526,0.164264809145828,0.278285033743549,"Hospitality","Existing","Hotel","Los Angeles, CA","Hollywood/Beverly Hills","Los Angeles/Long Beach","Los Angeles","Los Angeles","90028","06/01/1939","Paligroup Management LLC","Deva Capital","Economy","Los Angeles Department Of Water & Power","Best Western","N","2 Star","Urban","Deva Capital","802 Anderson Road Llc",159.87,100,115.78,100
"May 2025",77436,0.024,54099,0.009,8946219,0.001,0.699,-0.015,165.37,-0.007,115.53,-0.022,892461,0.023,631175,0.049,100770933,0.025,0.707,0.025,159.66,-0.023,112.91,0.002,202457,47536500,0.088,"CG_Small","May",2025,2025-05-01,52,2519,2519,7738871.26276832,1966.33942040492,78381.6538156831,2019.27048260382,6.49051490514905,3.33133742926435,1.09690721649485,0.709760827407886,2.65303691941247,36.7131798362959,65957.4188169909,105410.837236999,16435.3231441048,4310.01111552203,1054.38467645891,129.221913457721,148.192933703851,13.9337038507344,22317.2671695117,2316.20444620881,11654.5220325526,2773.39896784438,12490.8146089718,11992.5351329893,3852.72727272727,967330.903136165,32739.9789599047,105410.837236999,967330.903136165,25979.2048431917,4310.01111552203,2773.39896784438,11654.5220325526,16435.3231441048,61152.4601032156,0.375136370886413,0.0725482386456798,0.336742713313526,0.164264809145828,0.278285033743549,"Hospitality","Existing","Hotel","Los Angeles, CA","Hollywood/Beverly Hills","Los Angeles/Long Beach","Los Angeles","Los Angeles","90028","06/01/1939","Paligroup Management LLC","Deva Capital","Economy","Los Angeles Department Of Water & Power","Best Western","N","2 Star","Urban","Deva Capital","802 Anderson Road Llc",159.87,103.440295239882,115.78,99.7840732423562
"Jun 2025",74938,0.024,51524,-0.014,8486672,-0.005,0.688,-0.037,164.71,0.009,113.25,-0.028,894193,0.021,630429,0.043,100728115,0.024,0.705,0.022,159.78,-0.018,112.65,0.003,202558,35536500,0.088,"CG_Small","Jun",2025,2025-06-01,52,2519,2519,7738871.26276832,1966.33942040492,78381.6538156831,2019.27048260382,6.49051490514905,3.33133742926435,1.09690721649485,0.709760827407886,2.65303691941247,36.7131798362959,65957.4188169909,105410.837236999,16435.3231441048,4310.01111552203,1054.38467645891,129.221913457721,148.192933703851,13.9337038507344,22317.2671695117,2316.20444620881,11654.5220325526,2773.39896784438,12490.8146089718,11992.5351329893,3852.72727272727,967330.903136165,32739.9789599047,105410.837236999,967330.903136165,25979.2048431917,4310.01111552203,2773.39896784438,11654.5220325526,16435.3231441048,61152.4601032156,0.375136370886413,0.0725482386456798,0.336742713313526,0.164264809145828,0.278285033743549,"Hospitality","Existing","Hotel","Los Angeles, CA","Hollywood/Beverly Hills","Los Angeles/Long Beach","Los Angeles","Los Angeles","90028","06/01/1939","Paligroup Management LLC","Deva Capital","Economy","Los Angeles Department Of Water & Power","Best Western","N","2 Star","Urban","Deva Capital","802 Anderson Road Llc",159.87,103.027459811097,115.78,97.8148212126447
"Jul 2025",77273,0.022,54533,-0.061,8659899,-0.106,0.706,-0.081,158.8,-0.048,112.07,-0.125,895820,0.019,626882,0.031,99701832,0.008,0.7,0.011,159.04,-0.022,111.3,-0.011,202909,35536500,0.088,"CG_Small","Jul",2025,2025-07-01,52,2519,2519,7738871.26276832,1966.33942040492,78381.6538156831,2019.27048260382,6.49051490514905,3.33133742926435,1.09690721649485,0.709760827407886,2.65303691941247,36.7131798362959,65957.4188169909,105410.837236999,16435.3231441048,4310.01111552203,1054.38467645891,129.221913457721,148.192933703851,13.9337038507344,22317.2671695117,2316.20444620881,11654.5220325526,2773.39896784438,12490.8146089718,11992.5351329893,3852.72727272727,967330.903136165,32739.9789599047,105410.837236999,967330.903136165,25979.2048431917,4310.01111552203,2773.39896784438,11654.5220325526,16435.3231441048,61152.4601032156,0.375136370886413,0.0725482386456798,0.336742713313526,0.164264809145828,0.278285033743549,"Hospitality","Existing","Hotel","Los Angeles, CA","Hollywood/Beverly Hills","Los Angeles/Long Beach","Los Angeles","Los Angeles","90028","06/01/1939","Paligroup Management LLC","Deva Capital","Economy","Los Angeles Department Of Water & Power","Best Western","N","2 Star","Urban","Deva Capital","802 Anderson Road Llc",159.87,99.3307061987865,115.78,96.7956469165659
"Aug 2025",77273,0.022,56162,-0.005,8851534,-0.029,0.727,-0.026,157.61,-0.024,114.55,-0.049,897447,0.017,626599,0.026,99437431,0.008,0.698,0.009,158.69,-0.018,110.8,-0.009,203261,35536500,0.088,"CG_Small","Aug",2025,2025-08-01,52,2519,2519,7738871.26276832,1966.33942040492,78381.6538156831,2019.27048260382,6.49051490514905,3.33133742926435,1.09690721649485,0.709760827407886,2.65303691941247,36.7131798362959,65957.4188169909,105410.837236999,16435.3231441048,4310.01111552203,1054.38467645891,129.221913457721,148.192933703851,13.9337038507344,22317.2671695117,2316.20444620881,11654.5220325526,2773.39896784438,12490.8146089718,11992.5351329893,3852.72727272727,967330.903136165,32739.9789599047,105410.837236999,967330.903136165,25979.2048431917,4310.01111552203,2773.39896784438,11654.5220325526,16435.3231441048,61152.4601032156,0.375136370886413,0.0725482386456798,0.336742713313526,0.164264809145828,0.278285033743549,"Hospitality","Existing","Hotel","Los Angeles, CA","Hollywood/Beverly Hills","Los Angeles/Long Beach","Los Angeles","Los Angeles","90028","06/01/1939","Paligroup Management LLC","Deva Capital","Economy","Los Angeles Department Of Water & Power","Best Western","N","2 Star","Urban","Deva Capital","802 Anderson Road Llc",159.87,98.5863514105211,115.78,98.9376403523925
"Sep 2025",74907,0.023,52103,-0.048,8243199,-0.082,0.696,-0.07,158.21,-0.035,110.05,-0.103,899148,0.017,623946,0.015,98704213,-0.005,0.694,-0.002,158.19,-0.02,109.78,-0.022,203612,35536500,0.088,"CG_Small","Sep",2025,2025-09-01,52,2519,2519,7738871.26276832,1966.33942040492,78381.6538156831,2019.27048260382,6.49051490514905,3.33133742926435,1.09690721649485,0.709760827407886,2.65303691941247,36.7131798362959,65957.4188169909,105410.837236999,16435.3231441048,4310.01111552203,1054.38467645891,129.221913457721,148.192933703851,13.9337038507344,22317.2671695117,2316.20444620881,11654.5220325526,2773.39896784438,12490.8146089718,11992.5351329893,3852.72727272727,967330.903136165,32739.9789599047,105410.837236999,967330.903136165,25979.2048431917,4310.01111552203,2773.39896784438,11654.5220325526,16435.3231441048,61152.4601032156,0.375136370886413,0.0725482386456798,0.336742713313526,0.164264809145828,0.278285033743549,"Hospitality","Existing","Hotel","Los Angeles, CA","Hollywood/Beverly Hills","Los Angeles/Long Beach","Los Angeles","Los Angeles","90028","06/01/1939","Paligroup Management LLC","Deva Capital","Economy","Los Angeles Department Of Water & Power","Best Western","N","2 Star","Urban","Deva Capital","802 Anderson Road Llc",159.87,98.9616563457809,115.78,95.0509587148039
"Oct 2025",77403,0.023,56867,0.002,9327639,-0.028,0.735,-0.02,164.03,-0.031,120.51,-0.05,900905,0.017,624076,0.013,98432694,-0.01,0.693,-0.004,157.73,-0.022,109.26,-0.026,203959,44736500,0.088,"CG_Small","Oct",2025,2025-10-01,52,2519,2519,7738871.26276832,1966.33942040492,78381.6538156831,2019.27048260382,6.49051490514905,3.33133742926435,1.09690721649485,0.709760827407886,2.65303691941247,36.7131798362959,65957.4188169909,105410.837236999,16435.3231441048,4310.01111552203,1054.38467645891,129.221913457721,148.192933703851,13.9337038507344,22317.2671695117,2316.20444620881,11654.5220325526,2773.39896784438,12490.8146089718,11992.5351329893,3852.72727272727,967330.903136165,32739.9789599047,105410.837236999,967330.903136165,25979.2048431917,4310.01111552203,2773.39896784438,11654.5220325526,16435.3231441048,61152.4601032156,0.375136370886413,0.0725482386456798,0.336742713313526,0.164264809145828,0.278285033743549,"Hospitality","Existing","Hotel","Los Angeles, CA","Hollywood/Beverly Hills","Los Angeles/Long Beach","Los Angeles","Los Angeles","90028","06/01/1939","Paligroup Management LLC","Deva Capital","Economy","Los Angeles Department Of Water & Power","Best Western","N","2 Star","Urban","Deva Capital","802 Anderson Road Llc",159.87,102.602114217802,115.78,104.085334254621
"Nov 2025",74907,0.023,48257,-0.002,7488301,-0.029,0.644,-0.024,155.18,-0.028,99.97,-0.051,902606,0.017,623988,0.007,98206395,-0.018,0.691,-0.01,157.39,-0.024,108.8,-0.034,204307,44736500,0.088,"CG_Small","Nov",2025,2025-11-01,52,2519,2519,7738871.26276832,1966.33942040492,78381.6538156831,2019.27048260382,6.49051490514905,3.33133742926435,1.09690721649485,0.709760827407886,2.65303691941247,36.7131798362959,65957.4188169909,105410.837236999,16435.3231441048,4310.01111552203,1054.38467645891,129.221913457721,148.192933703851,13.9337038507344,22317.2671695117,2316.20444620881,11654.5220325526,2773.39896784438,12490.8146089718,11992.5351329893,3852.72727272727,967330.903136165,32739.9789599047,105410.837236999,967330.903136165,25979.2048431917,4310.01111552203,2773.39896784438,11654.5220325526,16435.3231441048,61152.4601032156,0.375136370886413,0.0725482386456798,0.336742713313526,0.164264809145828,0.278285033743549,"Hospitality","Existing","Hotel","Los Angeles, CA","Hollywood/Beverly Hills","Los Angeles/Long Beach","Los Angeles","Los Angeles","90028","06/01/1939","Paligroup Management LLC","Deva Capital","Economy","Los Angeles Department Of Water & Power","Best Western","N","2 Star","Urban","Deva Capital","802 Anderson Road Llc",159.87,97.0663664227185,115.78,86.3447918466056
"Dec 2025",77403,0.023,46837,0.024,6791083,-0.002,0.605,0.001,144.99,-0.026,87.74,-0.025,904363,0.017,625087,0.007,98189610,-0.018,0.691,-0.01,157.08,-0.025,108.57,-0.034,204654,44736500,0.088,"CG_Small","Dec",2025,2025-12-01,52,2519,2519,7738871.26276832,1966.33942040492,78381.6538156831,2019.27048260382,6.49051490514905,3.33133742926435,1.09690721649485,0.709760827407886,2.65303691941247,36.7131798362959,65957.4188169909,105410.837236999,16435.3231441048,4310.01111552203,1054.38467645891,129.221913457721,148.192933703851,13.9337038507344,22317.2671695117,2316.20444620881,11654.5220325526,2773.39896784438,12490.8146089718,11992.5351329893,3852.72727272727,967330.903136165,32739.9789599047,105410.837236999,967330.903136165,25979.2048431917,4310.01111552203,2773.39896784438,11654.5220325526,16435.3231441048,61152.4601032156,0.375136370886413,0.0725482386456798,0.336742713313526,0.164264809145828,0.278285033743549,"Hospitality","Existing","Hotel","Los Angeles, CA","Hollywood/Beverly Hills","Los Angeles/Long Beach","Los Angeles","Los Angeles","90028","06/01/1939","Paligroup Management LLC","Deva Capital","Economy","Los Angeles Department Of Water & Power","Best Western","N","2 Star","Urban","Deva Capital","802 Anderson Road Llc",159.87,90.6924376055545,115.78,75.7816548626706
"Jan 2026",77403,0.023,48261,0.012,7005544,0.023,0.624,-0.011,145.16,0.011,90.51,0,906120,0.017,625653,0.003,98347725,-0.019,0.69,-0.014,157.19,-0.022,108.54,-0.036,204449,44736500,0.088,"CG_Small","Jan",2026,2026-01-01,52,2519,2519,7738871.26276832,1966.33942040492,78381.6538156831,2019.27048260382,6.49051490514905,3.33133742926435,1.09690721649485,0.709760827407886,2.65303691941247,36.7131798362959,65957.4188169909,105410.837236999,16435.3231441048,4310.01111552203,1054.38467645891,129.221913457721,148.192933703851,13.9337038507344,22317.2671695117,2316.20444620881,11654.5220325526,2773.39896784438,12490.8146089718,11992.5351329893,3852.72727272727,967330.903136165,32739.9789599047,105410.837236999,967330.903136165,25979.2048431917,4310.01111552203,2773.39896784438,11654.5220325526,16435.3231441048,61152.4601032156,0.375136370886413,0.0725482386456798,0.336742713313526,0.164264809145828,0.278285033743549,"Hospitality","Existing","Hotel","Los Angeles, CA","Hollywood/Beverly Hills","Los Angeles/Long Beach","Los Angeles","Los Angeles","90028","06/01/1939","Paligroup Management LLC","Deva Capital","Economy","Los Angeles Department Of Water & Power","Best Western","N","2 Star","Urban","Deva Capital","802 Anderson Road Llc",159.87,90.7987740038782,115.78,78.174123337364
"Feb 2026",68619,0.004,49125,0.005,7839121,0.05,0.716,0.001,159.57,0.045,114.24,0.045,906414,0.018,625894,-0.002,98719476,-0.017,0.691,-0.019,157.73,-0.015,108.91,-0.034,204244,27120000,0.088,"CG_Small","Feb",2026,2026-02-01,52,2519,2519,7738871.26276832,1966.33942040492,78381.6538156831,2019.27048260382,6.49051490514905,3.33133742926435,1.09690721649485,0.709760827407886,2.65303691941247,36.7131798362959,65957.4188169909,105410.837236999,16435.3231441048,4310.01111552203,1054.38467645891,129.221913457721,148.192933703851,13.9337038507344,22317.2671695117,2316.20444620881,11654.5220325526,2773.39896784438,12490.8146089718,11992.5351329893,3852.72727272727,967330.903136165,32739.9789599047,105410.837236999,967330.903136165,25979.2048431917,4310.01111552203,2773.39896784438,11654.5220325526,16435.3231441048,61152.4601032156,0.375136370886413,0.0725482386456798,0.336742713313526,0.164264809145828,0.278285033743549,"Hospitality","Existing","Hotel","Los Angeles, CA","Hollywood/Beverly Hills","Los Angeles/Long Beach","Los Angeles","Los Angeles","90028","06/01/1939","Paligroup Management LLC","Deva Capital","Economy","Los Angeles Department Of Water & Power","Best Western","N","2 Star","Urban","Deva Capital","802 Anderson Road Llc",159.87,99.81234753237,115.78,98.6698911729141
"Mar 2026",75971,0.004,55162,0.001,8793846,0.022,0.726,-0.003,159.42,0.021,115.75,0.018,906739,0.018,625945,-0.002,98908631,-0.012,0.69,-0.019,158.01,-0.011,109.08,-0.03,204039,17700000,0.088,"CG_Small","Mar",2026,2026-03-01,52,2519,2519,7738871.26276832,1966.33942040492,78381.6538156831,2019.27048260382,6.49051490514905,3.33133742926435,1.09690721649485,0.709760827407886,2.65303691941247,36.7131798362959,65957.4188169909,105410.837236999,16435.3231441048,4310.01111552203,1054.38467645891,129.221913457721,148.192933703851,13.9337038507344,22317.2671695117,2316.20444620881,11654.5220325526,2773.39896784438,12490.8146089718,11992.5351329893,3852.72727272727,967330.903136165,32739.9789599047,105410.837236999,967330.903136165,25979.2048431917,4310.01111552203,2773.39896784438,11654.5220325526,16435.3231441048,61152.4601032156,0.375136370886413,0.0725482386456798,0.336742713313526,0.164264809145828,0.278285033743549,"Hospitality","Existing","Hotel","Los Angeles, CA","Hollywood/Beverly Hills","Los Angeles/Long Beach","Los Angeles","Los Angeles","90028","06/01/1939","Paligroup Management LLC","Deva Capital","Economy","Los Angeles Department Of Water & Power","Best Western","N","2 Star","Urban","Deva Capital","802 Anderson Road Llc",159.87,99.7185212985551,115.78,99.9740887890827
"Apr 2026",74938,0.024,53455,0.008,8811603,0.04,0.713,-0.015,164.84,0.031,117.59,0.016,908471,0.02,626384,-0.007,99244661,-0.015,0.689,-0.026,158.44,-0.008,109.24,-0.034,203915,17700000,0.088,"CG_Small","Apr",2026,2026-04-01,52,2519,2519,7738871.26276832,1966.33942040492,78381.6538156831,2019.27048260382,6.49051490514905,3.33133742926435,1.09690721649485,0.709760827407886,2.65303691941247,36.7131798362959,65957.4188169909,105410.837236999,16435.3231441048,4310.01111552203,1054.38467645891,129.221913457721,148.192933703851,13.9337038507344,22317.2671695117,2316.20444620881,11654.5220325526,2773.39896784438,12490.8146089718,11992.5351329893,3852.72727272727,967330.903136165,32739.9789599047,105410.837236999,967330.903136165,25979.2048431917,4310.01111552203,2773.39896784438,11654.5220325526,16435.3231441048,61152.4601032156,0.375136370886413,0.0725482386456798,0.336742713313526,0.164264809145828,0.278285033743549,"Hospitality","Existing","Hotel","Los Angeles, CA","Hollywood/Beverly Hills","Los Angeles/Long Beach","Los Angeles","Los Angeles","90028","06/01/1939","Paligroup Management LLC","Deva Capital","Economy","Los Angeles Department Of Water & Power","Best Western","N","2 Star","Urban","Deva Capital","802 Anderson Road Llc",159.87,103.108775880403,115.78,101.563309725341
"May 2026",77436,0,55398,0.024,9627087,0.076,0.715,0.024,173.78,0.051,124.32,0.076,908471,0.018,627683,-0.006,99925530,-0.008,0.691,-0.023,159.2,-0.003,109.99,-0.026,203790,9200000,0.088,"CG_Small","May",2026,2026-05-01,52,2519,2519,7738871.26276832,1966.33942040492,78381.6538156831,2019.27048260382,6.49051490514905,3.33133742926435,1.09690721649485,0.709760827407886,2.65303691941247,36.7131798362959,65957.4188169909,105410.837236999,16435.3231441048,4310.01111552203,1054.38467645891,129.221913457721,148.192933703851,13.9337038507344,22317.2671695117,2316.20444620881,11654.5220325526,2773.39896784438,12490.8146089718,11992.5351329893,3852.72727272727,967330.903136165,32739.9789599047,105410.837236999,967330.903136165,25979.2048431917,4310.01111552203,2773.39896784438,11654.5220325526,16435.3231441048,61152.4601032156,0.375136370886413,0.0725482386456798,0.336742713313526,0.164264809145828,0.278285033743549,"Hospitality","Existing","Hotel","Los Angeles, CA","Hollywood/Beverly Hills","Los Angeles/Long Beach","Los Angeles","Los Angeles","90028","06/01/1939","Paligroup Management LLC","Deva Capital","Economy","Los Angeles Department Of Water & Power","Best Western","N","2 Star","Urban","Deva Capital","802 Anderson Road Llc",159.87,108.700819415775,115.78,107.376058041112
"Jun 2026",74938,0,53814,0.044,9995548,0.178,0.718,0.044,185.74,0.128,133.38,0.178,908471,0.016,629973,-0.001,101434405,0.007,0.693,-0.016,161.01,0.008,111.65,-0.009,203666,9200000,0.088,"CG_Small","Jun",2026,2026-06-01,52,2519,2519,7738871.26276832,1966.33942040492,78381.6538156831,2019.27048260382,6.49051490514905,3.33133742926435,1.09690721649485,0.709760827407886,2.65303691941247,36.7131798362959,65957.4188169909,105410.837236999,16435.3231441048,4310.01111552203,1054.38467645891,129.221913457721,148.192933703851,13.9337038507344,22317.2671695117,2316.20444620881,11654.5220325526,2773.39896784438,12490.8146089718,11992.5351329893,3852.72727272727,967330.903136165,32739.9789599047,105410.837236999,967330.903136165,25979.2048431917,4310.01111552203,2773.39896784438,11654.5220325526,16435.3231441048,61152.4601032156,0.375136370886413,0.0725482386456798,0.336742713313526,0.164264809145828,0.278285033743549,"Hospitality","Existing","Hotel","Los Angeles, CA","Hollywood/Beverly Hills","Los Angeles/Long Beach","Los Angeles","Los Angeles","90028","06/01/1939","Paligroup Management LLC","Deva Capital","Economy","Los Angeles Department Of Water & Power","Best Western","N","2 Star","Urban","Deva Capital","802 Anderson Road Llc",159.87,116.181897791956,115.78,115.201243738124
"Jul 2026",77436,0.002,58437,0.072,10358741,0.196,0.755,0.069,177.26,0.116,133.77,0.194,908634,0.014,633877,0.011,103133247,0.034,0.698,-0.003,162.7,0.023,113.5,0.02,203932,9200000,0.088,"CG_Small","Jul",2026,2026-07-01,52,2519,2519,7738871.26276832,1966.33942040492,78381.6538156831,2019.27048260382,6.49051490514905,3.33133742926435,1.09690721649485,0.709760827407886,2.65303691941247,36.7131798362959,65957.4188169909,105410.837236999,16435.3231441048,4310.01111552203,1054.38467645891,129.221913457721,148.192933703851,13.9337038507344,22317.2671695117,2316.20444620881,11654.5220325526,2773.39896784438,12490.8146089718,11992.5351329893,3852.72727272727,967330.903136165,32739.9789599047,105410.837236999,967330.903136165,25979.2048431917,4310.01111552203,2773.39896784438,11654.5220325526,16435.3231441048,61152.4601032156,0.375136370886413,0.0725482386456798,0.336742713313526,0.164264809145828,0.278285033743549,"Hospitality","Existing","Hotel","Los Angeles, CA","Hollywood/Beverly Hills","Los Angeles/Long Beach","Los Angeles","Los Angeles","90028","06/01/1939","Paligroup Management LLC","Deva Capital","Economy","Los Angeles Department Of Water & Power","Best Western","N","2 Star","Urban","Deva Capital","802 Anderson Road Llc",159.87,110.877588040283,115.78,115.538089480048
"Aug 2026",77436,0.002,58356,0.039,10092188,0.14,0.754,0.037,172.94,0.097,130.33,0.138,908797,0.013,636071,0.015,104373901,0.05,0.7,0.002,164.09,0.034,114.85,0.037,204198,9200000,0.088,"CG_Small","Aug",2026,2026-08-01,52,2519,2519,7738871.26276832,1966.33942040492,78381.6538156831,2019.27048260382,6.49051490514905,3.33133742926435,1.09690721649485,0.709760827407886,2.65303691941247,36.7131798362959,65957.4188169909,105410.837236999,16435.3231441048,4310.01111552203,1054.38467645891,129.221913457721,148.192933703851,13.9337038507344,22317.2671695117,2316.20444620881,11654.5220325526,2773.39896784438,12490.8146089718,11992.5351329893,3852.72727272727,967330.903136165,32739.9789599047,105410.837236999,967330.903136165,25979.2048431917,4310.01111552203,2773.39896784438,11654.5220325526,16435.3231441048,61152.4601032156,0.375136370886413,0.0725482386456798,0.336742713313526,0.164264809145828,0.278285033743549,"Hospitality","Existing","Hotel","Los Angeles, CA","Hollywood/Beverly Hills","Los Angeles/Long Beach","Los Angeles","Los Angeles","90028","06/01/1939","Paligroup Management LLC","Deva Capital","Economy","Los Angeles Department Of Water & Power","Best Western","N","2 Star","Urban","Deva Capital","802 Anderson Road Llc",159.87,108.175392506411,115.78,112.56693729487
"Jan 2023",498340,0.02,322293,0.218,75950797,0.475,0.647,0.193,235.66,0.212,152.41,0.446,5819642,0.042,4192253,0.245,969270757,0.552,0.72,0.195,231.21,0.247,166.55,0.49,255182,NA,0.074,"CG_Union","Jan",2023,2023-01-01,40,16289,16289,87921631.2538767,1984.33801952238,833119.5509286,2019.37679191188,5.93713834823777,2.283860480378,21.7952009971954,0.642264798398628,3.97384738166861,36.1460065259131,60112.2593161029,100981.534471115,13387.2261035054,5287.07772116152,963.365952483271,114.744060408865,179.491067591626,10.4856037816932,18382.2157897968,2203.31561176254,10598.907544969,2679.52661305175,11998.0402725766,9147.62661919087,3353.04720977347,911784.369758733,29171.7072871263,100981.534471115,911784.369758733,21853.6180858248,5287.07772116152,2679.52661305175,10598.907544969,13387.2261035054,53806.3560685125,0.405621294517781,0.110098819219262,0.274309485859792,0.155843930271081,0.974154337282829,"Hospitality","Existing","Hotel","Los Angeles, CA","Los Angeles CBD","Los Angeles/Long Beach","Los Angeles","Los Angeles","90045","12/31/1976","Marriott International","Forward Time Corporation","Upper Upscale","Los Angeles Department Of Water & Power","Westin","N","4 Star","Urban","Forward Time Corporation","Forward Time Corp",233.17,101.067890380409,171.25,88.9985401459854
"Feb 2023",450114,0.02,333404,0.116,79214062,-0.044,0.741,0.094,237.59,-0.143,175.99,-0.063,5828580,0.036,4226818,0.2,965609738,0.404,0.725,0.158,228.45,0.17,165.67,0.354,256309,NA,0.074,"CG_Union","Feb",2023,2023-02-01,40,16289,16289,87921631.2538767,1984.33801952238,833119.5509286,2019.37679191188,5.93713834823777,2.283860480378,21.7952009971954,0.642264798398628,3.97384738166861,36.1460065259131,60112.2593161029,100981.534471115,13387.2261035054,5287.07772116152,963.365952483271,114.744060408865,179.491067591626,10.4856037816932,18382.2157897968,2203.31561176254,10598.907544969,2679.52661305175,11998.0402725766,9147.62661919087,3353.04720977347,911784.369758733,29171.7072871263,100981.534471115,911784.369758733,21853.6180858248,5287.07772116152,2679.52661305175,10598.907544969,13387.2261035054,53806.3560685125,0.405621294517781,0.110098819219262,0.274309485859792,0.155843930271081,0.974154337282829,"Hospitality","Existing","Hotel","Los Angeles, CA","Los Angeles CBD","Los Angeles/Long Beach","Los Angeles","Los Angeles","90045","12/31/1976","Marriott International","Forward Time Corporation","Upper Upscale","Los Angeles Department Of Water & Power","Westin","N","4 Star","Urban","Forward Time Corporation","Forward Time Corp",233.17,101.895612643136,171.25,102.767883211679
"Mar 2023",498340,0.02,380260,0.065,90135713,0.151,0.763,0.044,237.04,0.081,180.87,0.128,5838475,0.034,4250091,0.154,977439084,0.324,0.728,0.116,229.98,0.147,167.41,0.28,257436,NA,0.074,"CG_Union","Mar",2023,2023-03-01,40,16289,16289,87921631.2538767,1984.33801952238,833119.5509286,2019.37679191188,5.93713834823777,2.283860480378,21.7952009971954,0.642264798398628,3.97384738166861,36.1460065259131,60112.2593161029,100981.534471115,13387.2261035054,5287.07772116152,963.365952483271,114.744060408865,179.491067591626,10.4856037816932,18382.2157897968,2203.31561176254,10598.907544969,2679.52661305175,11998.0402725766,9147.62661919087,3353.04720977347,911784.369758733,29171.7072871263,100981.534471115,911784.369758733,21853.6180858248,5287.07772116152,2679.52661305175,10598.907544969,13387.2261035054,53806.3560685125,0.405621294517781,0.110098819219262,0.274309485859792,0.155843930271081,0.974154337282829,"Hospitality","Existing","Hotel","Los Angeles, CA","Los Angeles CBD","Los Angeles/Long Beach","Los Angeles","Los Angeles","90045","12/31/1976","Marriott International","Forward Time Corporation","Upper Upscale","Los Angeles Department Of Water & Power","Westin","N","4 Star","Urban","Forward Time Corporation","Forward Time Corp",233.17,101.659733241841,171.25,105.617518248175
"Apr 2023",505165,0.069,366652,0.05,86532776,0.123,0.726,-0.018,236.01,0.069,171.3,0.051,5870951,0.035,4267493,0.126,986894585,0.267,0.727,0.088,231.26,0.124,168.1,0.223,258438,NA,0.075,"CG_Union","Apr",2023,2023-04-01,40,16289,16289,87921631.2538767,1984.33801952238,833119.5509286,2019.37679191188,5.93713834823777,2.283860480378,21.7952009971954,0.642264798398628,3.97384738166861,36.1460065259131,60112.2593161029,100981.534471115,13387.2261035054,5287.07772116152,963.365952483271,114.744060408865,179.491067591626,10.4856037816932,18382.2157897968,2203.31561176254,10598.907544969,2679.52661305175,11998.0402725766,9147.62661919087,3353.04720977347,911784.369758733,29171.7072871263,100981.534471115,911784.369758733,21853.6180858248,5287.07772116152,2679.52661305175,10598.907544969,13387.2261035054,53806.3560685125,0.405621294517781,0.110098819219262,0.274309485859792,0.155843930271081,0.974154337282829,"Hospitality","Existing","Hotel","Los Angeles, CA","Los Angeles CBD","Los Angeles/Long Beach","Los Angeles","Los Angeles","90045","12/31/1976","Marriott International","Forward Time Corporation","Upper Upscale","Los Angeles Department Of Water & Power","Westin","N","4 Star","Urban","Forward Time Corporation","Forward Time Corp",233.17,101.217995453961,171.25,100.029197080292
"May 2023",522004,0.069,392342,0.065,94886867,0.128,0.752,-0.003,241.85,0.059,181.77,0.056,5904510,0.037,4291431,0.106,997674245,0.22,0.727,0.067,232.48,0.103,168.97,0.176,259441,NA,0.075,"CG_Union","May",2023,2023-05-01,40,16289,16289,87921631.2538767,1984.33801952238,833119.5509286,2019.37679191188,5.93713834823777,2.283860480378,21.7952009971954,0.642264798398628,3.97384738166861,36.1460065259131,60112.2593161029,100981.534471115,13387.2261035054,5287.07772116152,963.365952483271,114.744060408865,179.491067591626,10.4856037816932,18382.2157897968,2203.31561176254,10598.907544969,2679.52661305175,11998.0402725766,9147.62661919087,3353.04720977347,911784.369758733,29171.7072871263,100981.534471115,911784.369758733,21853.6180858248,5287.07772116152,2679.52661305175,10598.907544969,13387.2261035054,53806.3560685125,0.405621294517781,0.110098819219262,0.274309485859792,0.155843930271081,0.974154337282829,"Hospitality","Existing","Hotel","Los Angeles, CA","Los Angeles CBD","Los Angeles/Long Beach","Los Angeles","Los Angeles","90045","12/31/1976","Marriott International","Forward Time Corporation","Upper Upscale","Los Angeles Department Of Water & Power","Westin","N","4 Star","Urban","Forward Time Corporation","Forward Time Corp",233.17,103.722605824077,171.25,106.143065693431
"Jun 2023",505165,0.069,374615,0.03,86557920,0.026,0.742,-0.036,231.06,-0.003,171.35,-0.04,5937018,0.04,4302303,0.091,999907955,0.177,0.725,0.049,232.41,0.079,168.42,0.133,260443,NA,0.075,"CG_Union","Jun",2023,2023-06-01,40,16289,16289,87921631.2538767,1984.33801952238,833119.5509286,2019.37679191188,5.93713834823777,2.283860480378,21.7952009971954,0.642264798398628,3.97384738166861,36.1460065259131,60112.2593161029,100981.534471115,13387.2261035054,5287.07772116152,963.365952483271,114.744060408865,179.491067591626,10.4856037816932,18382.2157897968,2203.31561176254,10598.907544969,2679.52661305175,11998.0402725766,9147.62661919087,3353.04720977347,911784.369758733,29171.7072871263,100981.534471115,911784.369758733,21853.6180858248,5287.07772116152,2679.52661305175,10598.907544969,13387.2261035054,53806.3560685125,0.405621294517781,0.110098819219262,0.274309485859792,0.155843930271081,0.974154337282829,"Hospitality","Existing","Hotel","Los Angeles, CA","Los Angeles CBD","Los Angeles/Long Beach","Los Angeles","Los Angeles","90045","12/31/1976","Marriott International","Forward Time Corporation","Upper Upscale","Los Angeles Department Of Water & Power","Westin","N","4 Star","Urban","Forward Time Corporation","Forward Time Corp",233.17,99.0950808423039,171.25,100.058394160584
"Jul 2023",522004,0.047,382190,0.036,86995980,0.004,0.732,-0.011,227.62,-0.031,166.66,-0.042,5960682,0.039,4315442,0.087,1000213595,0.152,0.724,0.046,231.78,0.06,167.8,0.109,262859,NA,0.076,"CG_Union","Jul",2023,2023-07-01,40,16289,16289,87921631.2538767,1984.33801952238,833119.5509286,2019.37679191188,5.93713834823777,2.283860480378,21.7952009971954,0.642264798398628,3.97384738166861,36.1460065259131,60112.2593161029,100981.534471115,13387.2261035054,5287.07772116152,963.365952483271,114.744060408865,179.491067591626,10.4856037816932,18382.2157897968,2203.31561176254,10598.907544969,2679.52661305175,11998.0402725766,9147.62661919087,3353.04720977347,911784.369758733,29171.7072871263,100981.534471115,911784.369758733,21853.6180858248,5287.07772116152,2679.52661305175,10598.907544969,13387.2261035054,53806.3560685125,0.405621294517781,0.110098819219262,0.274309485859792,0.155843930271081,0.974154337282829,"Hospitality","Existing","Hotel","Los Angeles, CA","Los Angeles CBD","Los Angeles/Long Beach","Los Angeles","Los Angeles","90045","12/31/1976","Marriott International","Forward Time Corporation","Upper Upscale","Los Angeles Department Of Water & Power","Westin","N","4 Star","Urban","Forward Time Corporation","Forward Time Corp",233.17,97.6197624051122,171.25,97.3197080291971
"Aug 2023",522004,0.047,412019,0.157,99772140,0.249,0.789,0.105,242.15,0.08,191.13,0.193,5984346,0.038,4371336,0.089,1020131051,0.153,0.73,0.049,233.37,0.059,170.47,0.111,265274,NA,0.076,"CG_Union","Aug",2023,2023-08-01,40,16289,16289,87921631.2538767,1984.33801952238,833119.5509286,2019.37679191188,5.93713834823777,2.283860480378,21.7952009971954,0.642264798398628,3.97384738166861,36.1460065259131,60112.2593161029,100981.534471115,13387.2261035054,5287.07772116152,963.365952483271,114.744060408865,179.491067591626,10.4856037816932,18382.2157897968,2203.31561176254,10598.907544969,2679.52661305175,11998.0402725766,9147.62661919087,3353.04720977347,911784.369758733,29171.7072871263,100981.534471115,911784.369758733,21853.6180858248,5287.07772116152,2679.52661305175,10598.907544969,13387.2261035054,53806.3560685125,0.405621294517781,0.110098819219262,0.274309485859792,0.155843930271081,0.974154337282829,"Hospitality","Existing","Hotel","Los Angeles, CA","Los Angeles CBD","Los Angeles/Long Beach","Los Angeles","Los Angeles","90045","12/31/1976","Marriott International","Forward Time Corporation","Upper Upscale","Los Angeles Department Of Water & Power","Westin","N","4 Star","Urban","Forward Time Corporation","Forward Time Corp",233.17,103.851267315692,171.25,111.608759124088
"Sep 2023",505165,0.047,368686,0.019,82515925,-0.023,0.73,-0.028,223.81,-0.04,163.34,-0.067,6007246,0.039,4378058,0.069,1018217201,0.114,0.729,0.029,232.57,0.042,169.5,0.072,267689,NA,0.076,"CG_Union","Sep",2023,2023-09-01,40,16289,16289,87921631.2538767,1984.33801952238,833119.5509286,2019.37679191188,5.93713834823777,2.283860480378,21.7952009971954,0.642264798398628,3.97384738166861,36.1460065259131,60112.2593161029,100981.534471115,13387.2261035054,5287.07772116152,963.365952483271,114.744060408865,179.491067591626,10.4856037816932,18382.2157897968,2203.31561176254,10598.907544969,2679.52661305175,11998.0402725766,9147.62661919087,3353.04720977347,911784.369758733,29171.7072871263,100981.534471115,911784.369758733,21853.6180858248,5287.07772116152,2679.52661305175,10598.907544969,13387.2261035054,53806.3560685125,0.405621294517781,0.110098819219262,0.274309485859792,0.155843930271081,0.974154337282829,"Hospitality","Existing","Hotel","Los Angeles, CA","Los Angeles CBD","Los Angeles/Long Beach","Los Angeles","Los Angeles","90045","12/31/1976","Marriott International","Forward Time Corporation","Upper Upscale","Los Angeles Department Of Water & Power","Westin","N","4 Star","Urban","Forward Time Corporation","Forward Time Corp",233.17,95.9857614615945,171.25,95.3810218978102
"Oct 2023",522004,0.047,409836,0.068,101638606,0.099,0.785,0.019,248,0.029,194.71,0.049,6030910,0.042,4404072,0.065,1027332687,0.099,0.73,0.022,233.27,0.032,170.34,0.055,270202,NA,0.076,"CG_Union","Oct",2023,2023-10-01,40,16289,16289,87921631.2538767,1984.33801952238,833119.5509286,2019.37679191188,5.93713834823777,2.283860480378,21.7952009971954,0.642264798398628,3.97384738166861,36.1460065259131,60112.2593161029,100981.534471115,13387.2261035054,5287.07772116152,963.365952483271,114.744060408865,179.491067591626,10.4856037816932,18382.2157897968,2203.31561176254,10598.907544969,2679.52661305175,11998.0402725766,9147.62661919087,3353.04720977347,911784.369758733,29171.7072871263,100981.534471115,911784.369758733,21853.6180858248,5287.07772116152,2679.52661305175,10598.907544969,13387.2261035054,53806.3560685125,0.405621294517781,0.110098819219262,0.274309485859792,0.155843930271081,0.974154337282829,"Hospitality","Existing","Hotel","Los Angeles, CA","Los Angeles CBD","Los Angeles/Long Beach","Los Angeles","Los Angeles","90045","12/31/1976","Marriott International","Forward Time Corporation","Upper Upscale","Los Angeles Department Of Water & Power","Westin","N","4 Star","Urban","Forward Time Corporation","Forward Time Corp",233.17,106.360166402196,171.25,113.699270072993
"Nov 2023",501700,0.04,348327,0.034,77466683,0.008,0.694,-0.006,222.4,-0.024,154.41,-0.031,6050345,0.043,4415421,0.066,1027982256,0.089,0.73,0.022,232.82,0.022,169.9,0.044,272714,NA,0.076,"CG_Union","Nov",2023,2023-11-01,40,16289,16289,87921631.2538767,1984.33801952238,833119.5509286,2019.37679191188,5.93713834823777,2.283860480378,21.7952009971954,0.642264798398628,3.97384738166861,36.1460065259131,60112.2593161029,100981.534471115,13387.2261035054,5287.07772116152,963.365952483271,114.744060408865,179.491067591626,10.4856037816932,18382.2157897968,2203.31561176254,10598.907544969,2679.52661305175,11998.0402725766,9147.62661919087,3353.04720977347,911784.369758733,29171.7072871263,100981.534471115,911784.369758733,21853.6180858248,5287.07772116152,2679.52661305175,10598.907544969,13387.2261035054,53806.3560685125,0.405621294517781,0.110098819219262,0.274309485859792,0.155843930271081,0.974154337282829,"Hospitality","Existing","Hotel","Los Angeles, CA","Los Angeles CBD","Los Angeles/Long Beach","Los Angeles","Los Angeles","90045","12/31/1976","Marriott International","Forward Time Corporation","Upper Upscale","Los Angeles Department Of Water & Power","Westin","N","4 Star","Urban","Forward Time Corporation","Forward Time Corp",233.17,95.3810524510014,171.25,90.1664233576642
"Dec 2023",518423,0.04,333279,0.026,70533218,0.064,0.643,-0.014,211.63,0.037,136.05,0.022,6070428,0.045,4423905,0.07,1032200687,0.093,0.729,0.024,233.32,0.021,170.04,0.046,275226,NA,0.077,"CG_Union","Dec",2023,2023-12-01,40,16289,16289,87921631.2538767,1984.33801952238,833119.5509286,2019.37679191188,5.93713834823777,2.283860480378,21.7952009971954,0.642264798398628,3.97384738166861,36.1460065259131,60112.2593161029,100981.534471115,13387.2261035054,5287.07772116152,963.365952483271,114.744060408865,179.491067591626,10.4856037816932,18382.2157897968,2203.31561176254,10598.907544969,2679.52661305175,11998.0402725766,9147.62661919087,3353.04720977347,911784.369758733,29171.7072871263,100981.534471115,911784.369758733,21853.6180858248,5287.07772116152,2679.52661305175,10598.907544969,13387.2261035054,53806.3560685125,0.405621294517781,0.110098819219262,0.274309485859792,0.155843930271081,0.974154337282829,"Hospitality","Existing","Hotel","Los Angeles, CA","Los Angeles CBD","Los Angeles/Long Beach","Los Angeles","Los Angeles","90045","12/31/1976","Marriott International","Forward Time Corporation","Upper Upscale","Los Angeles Department Of Water & Power","Westin","N","4 Star","Urban","Forward Time Corporation","Forward Time Corp",233.17,90.7621049020028,171.25,79.4452554744526
"Jan 2024",518521,0.04,328530,0.019,75009155,-0.012,0.634,-0.02,228.32,-0.031,144.66,-0.051,6090609,0.047,4430142,0.057,1031259045,0.064,0.727,0.01,232.78,0.007,169.32,0.017,279490,NA,0.077,"CG_Union","Jan",2024,2024-01-01,40,16289,16289,87921631.2538767,1984.33801952238,833119.5509286,2019.37679191188,5.93713834823777,2.283860480378,21.7952009971954,0.642264798398628,3.97384738166861,36.1460065259131,60112.2593161029,100981.534471115,13387.2261035054,5287.07772116152,963.365952483271,114.744060408865,179.491067591626,10.4856037816932,18382.2157897968,2203.31561176254,10598.907544969,2679.52661305175,11998.0402725766,9147.62661919087,3353.04720977347,911784.369758733,29171.7072871263,100981.534471115,911784.369758733,21853.6180858248,5287.07772116152,2679.52661305175,10598.907544969,13387.2261035054,53806.3560685125,0.405621294517781,0.110098819219262,0.274309485859792,0.155843930271081,0.974154337282829,"Hospitality","Existing","Hotel","Los Angeles, CA","Los Angeles CBD","Los Angeles/Long Beach","Los Angeles","Los Angeles","90045","12/31/1976","Marriott International","Forward Time Corporation","Upper Upscale","Los Angeles Department Of Water & Power","Westin","N","4 Star","Urban","Forward Time Corporation","Forward Time Corp",233.17,97.9199725522151,171.25,84.4729927007299
"Feb 2024",471576,0.048,333160,-0.001,79477837,0.003,0.706,-0.046,238.56,0.004,168.54,-0.042,6112071,0.049,4429897,0.048,1031522820,0.068,0.725,-0.001,232.85,0.019,168.77,0.019,283754,NA,0.077,"CG_Union","Feb",2024,2024-02-01,40,16289,16289,87921631.2538767,1984.33801952238,833119.5509286,2019.37679191188,5.93713834823777,2.283860480378,21.7952009971954,0.642264798398628,3.97384738166861,36.1460065259131,60112.2593161029,100981.534471115,13387.2261035054,5287.07772116152,963.365952483271,114.744060408865,179.491067591626,10.4856037816932,18382.2157897968,2203.31561176254,10598.907544969,2679.52661305175,11998.0402725766,9147.62661919087,3353.04720977347,911784.369758733,29171.7072871263,100981.534471115,911784.369758733,21853.6180858248,5287.07772116152,2679.52661305175,10598.907544969,13387.2261035054,53806.3560685125,0.405621294517781,0.110098819219262,0.274309485859792,0.155843930271081,0.974154337282829,"Hospitality","Existing","Hotel","Los Angeles, CA","Los Angeles CBD","Los Angeles/Long Beach","Los Angeles","Los Angeles","90045","12/31/1976","Marriott International","Forward Time Corporation","Upper Upscale","Los Angeles Department Of Water & Power","Westin","N","4 Star","Urban","Forward Time Corporation","Forward Time Corp",233.17,102.311618132693,171.25,98.4175182481752
"Mar 2024",522102,0.048,386461,0.016,90883655,0.008,0.74,-0.03,235.17,-0.008,174.07,-0.038,6135833,0.051,4436098,0.044,1032270762,0.056,0.723,-0.007,232.7,0.012,168.24,0.005,288019,NA,0.077,"CG_Union","Mar",2024,2024-03-01,40,16289,16289,87921631.2538767,1984.33801952238,833119.5509286,2019.37679191188,5.93713834823777,2.283860480378,21.7952009971954,0.642264798398628,3.97384738166861,36.1460065259131,60112.2593161029,100981.534471115,13387.2261035054,5287.07772116152,963.365952483271,114.744060408865,179.491067591626,10.4856037816932,18382.2157897968,2203.31561176254,10598.907544969,2679.52661305175,11998.0402725766,9147.62661919087,3353.04720977347,911784.369758733,29171.7072871263,100981.534471115,911784.369758733,21853.6180858248,5287.07772116152,2679.52661305175,10598.907544969,13387.2261035054,53806.3560685125,0.405621294517781,0.110098819219262,0.274309485859792,0.155843930271081,0.974154337282829,"Hospitality","Existing","Hotel","Los Angeles, CA","Los Angeles CBD","Los Angeles/Long Beach","Los Angeles","Los Angeles","90045","12/31/1976","Marriott International","Forward Time Corporation","Upper Upscale","Los Angeles Department Of Water & Power","Westin","N","4 Star","Urban","Forward Time Corporation","Forward Time Corp",233.17,100.857743277437,171.25,101.646715328467
"Apr 2024",505260,0,347317,-0.053,78536967,-0.092,0.687,-0.053,226.12,-0.042,155.44,-0.093,6135928,0.045,4416763,0.035,1024274953,0.038,0.72,-0.01,231.91,0.003,166.93,-0.007,292079,NA,0.077,"CG_Union","Apr",2024,2024-04-01,40,16289,16289,87921631.2538767,1984.33801952238,833119.5509286,2019.37679191188,5.93713834823777,2.283860480378,21.7952009971954,0.642264798398628,3.97384738166861,36.1460065259131,60112.2593161029,100981.534471115,13387.2261035054,5287.07772116152,963.365952483271,114.744060408865,179.491067591626,10.4856037816932,18382.2157897968,2203.31561176254,10598.907544969,2679.52661305175,11998.0402725766,9147.62661919087,3353.04720977347,911784.369758733,29171.7072871263,100981.534471115,911784.369758733,21853.6180858248,5287.07772116152,2679.52661305175,10598.907544969,13387.2261035054,53806.3560685125,0.405621294517781,0.110098819219262,0.274309485859792,0.155843930271081,0.974154337282829,"Hospitality","Existing","Hotel","Los Angeles, CA","Los Angeles CBD","Los Angeles/Long Beach","Los Angeles","Los Angeles","90045","12/31/1976","Marriott International","Forward Time Corporation","Upper Upscale","Los Angeles Department Of Water & Power","Westin","N","4 Star","Urban","Forward Time Corporation","Forward Time Corp",233.17,96.9764549470344,171.25,90.7678832116788
"May 2024",522134,0,389796,-0.006,94536535,-0.004,0.747,-0.007,242.53,0.003,181.06,-0.004,6136058,0.039,4414217,0.029,1023924621,0.026,0.719,-0.01,231.96,-0.002,166.87,-0.012,296140,NA,0.077,"CG_Union","May",2024,2024-05-01,40,16289,16289,87921631.2538767,1984.33801952238,833119.5509286,2019.37679191188,5.93713834823777,2.283860480378,21.7952009971954,0.642264798398628,3.97384738166861,36.1460065259131,60112.2593161029,100981.534471115,13387.2261035054,5287.07772116152,963.365952483271,114.744060408865,179.491067591626,10.4856037816932,18382.2157897968,2203.31561176254,10598.907544969,2679.52661305175,11998.0402725766,9147.62661919087,3353.04720977347,911784.369758733,29171.7072871263,100981.534471115,911784.369758733,21853.6180858248,5287.07772116152,2679.52661305175,10598.907544969,13387.2261035054,53806.3560685125,0.405621294517781,0.110098819219262,0.274309485859792,0.155843930271081,0.974154337282829,"Hospitality","Existing","Hotel","Los Angeles, CA","Los Angeles CBD","Los Angeles/Long Beach","Los Angeles","Los Angeles","90045","12/31/1976","Marriott International","Forward Time Corporation","Upper Upscale","Los Angeles Department Of Water & Power","Westin","N","4 Star","Urban","Forward Time Corporation","Forward Time Corp",233.17,104.014238538405,171.25,105.728467153285
"Jun 2024",505291,0,374394,-0.001,85619144,-0.011,0.741,-0.001,228.69,-0.01,169.45,-0.011,6136184,0.034,4413995,0.026,1022985845,0.023,0.719,-0.007,231.76,-0.003,166.71,-0.01,300200,NA,0.077,"CG_Union","Jun",2024,2024-06-01,40,16289,16289,87921631.2538767,1984.33801952238,833119.5509286,2019.37679191188,5.93713834823777,2.283860480378,21.7952009971954,0.642264798398628,3.97384738166861,36.1460065259131,60112.2593161029,100981.534471115,13387.2261035054,5287.07772116152,963.365952483271,114.744060408865,179.491067591626,10.4856037816932,18382.2157897968,2203.31561176254,10598.907544969,2679.52661305175,11998.0402725766,9147.62661919087,3353.04720977347,911784.369758733,29171.7072871263,100981.534471115,911784.369758733,21853.6180858248,5287.07772116152,2679.52661305175,10598.907544969,13387.2261035054,53806.3560685125,0.405621294517781,0.110098819219262,0.274309485859792,0.155843930271081,0.974154337282829,"Hospitality","Existing","Hotel","Los Angeles, CA","Los Angeles CBD","Los Angeles/Long Beach","Los Angeles","Los Angeles","90045","12/31/1976","Marriott International","Forward Time Corporation","Upper Upscale","Los Angeles Department Of Water & Power","Westin","N","4 Star","Urban","Forward Time Corporation","Forward Time Corp",233.17,98.078655058541,171.25,98.948905109489
"Jul 2024",522134,0,410595,0.074,99625170,0.145,0.786,0.074,242.64,0.066,190.8,0.145,6136314,0.029,4442400,0.029,1035615035,0.035,0.724,0,233.12,0.006,168.77,0.006,303398,NA,0.077,"CG_Union","Jul",2024,2024-07-01,40,16289,16289,87921631.2538767,1984.33801952238,833119.5509286,2019.37679191188,5.93713834823777,2.283860480378,21.7952009971954,0.642264798398628,3.97384738166861,36.1460065259131,60112.2593161029,100981.534471115,13387.2261035054,5287.07772116152,963.365952483271,114.744060408865,179.491067591626,10.4856037816932,18382.2157897968,2203.31561176254,10598.907544969,2679.52661305175,11998.0402725766,9147.62661919087,3353.04720977347,911784.369758733,29171.7072871263,100981.534471115,911784.369758733,21853.6180858248,5287.07772116152,2679.52661305175,10598.907544969,13387.2261035054,53806.3560685125,0.405621294517781,0.110098819219262,0.274309485859792,0.155843930271081,0.974154337282829,"Hospitality","Existing","Hotel","Los Angeles, CA","Los Angeles CBD","Los Angeles/Long Beach","Los Angeles","Los Angeles","90045","12/31/1976","Marriott International","Forward Time Corporation","Upper Upscale","Los Angeles Department Of Water & Power","Westin","N","4 Star","Urban","Forward Time Corporation","Forward Time Corp",233.17,104.061414418664,171.25,111.416058394161
"Aug 2024",522134,0,400711,-0.027,90955581,-0.088,0.767,-0.028,226.99,-0.063,174.2,-0.089,6136444,0.025,4431092,0.014,1026798476,0.007,0.722,-0.011,231.73,-0.007,167.33,-0.018,306595,NA,0.077,"CG_Union","Aug",2024,2024-08-01,40,16289,16289,87921631.2538767,1984.33801952238,833119.5509286,2019.37679191188,5.93713834823777,2.283860480378,21.7952009971954,0.642264798398628,3.97384738166861,36.1460065259131,60112.2593161029,100981.534471115,13387.2261035054,5287.07772116152,963.365952483271,114.744060408865,179.491067591626,10.4856037816932,18382.2157897968,2203.31561176254,10598.907544969,2679.52661305175,11998.0402725766,9147.62661919087,3353.04720977347,911784.369758733,29171.7072871263,100981.534471115,911784.369758733,21853.6180858248,5287.07772116152,2679.52661305175,10598.907544969,13387.2261035054,53806.3560685125,0.405621294517781,0.110098819219262,0.274309485859792,0.155843930271081,0.974154337282829,"Hospitality","Existing","Hotel","Los Angeles, CA","Los Angeles CBD","Los Angeles/Long Beach","Los Angeles","Los Angeles","90045","12/31/1976","Marriott International","Forward Time Corporation","Upper Upscale","Los Angeles Department Of Water & Power","Westin","N","4 Star","Urban","Forward Time Corporation","Forward Time Corp",233.17,97.3495732727195,171.25,101.722627737226
"Sep 2024",505732,0.001,384134,0.042,92359111,0.119,0.76,0.041,240.43,0.074,182.62,0.118,6137011,0.022,4446540,0.016,1036641662,0.018,0.725,-0.006,233.13,0.002,168.92,-0.003,309793,NA,0.077,"CG_Union","Sep",2024,2024-09-01,40,16289,16289,87921631.2538767,1984.33801952238,833119.5509286,2019.37679191188,5.93713834823777,2.283860480378,21.7952009971954,0.642264798398628,3.97384738166861,36.1460065259131,60112.2593161029,100981.534471115,13387.2261035054,5287.07772116152,963.365952483271,114.744060408865,179.491067591626,10.4856037816932,18382.2157897968,2203.31561176254,10598.907544969,2679.52661305175,11998.0402725766,9147.62661919087,3353.04720977347,911784.369758733,29171.7072871263,100981.534471115,911784.369758733,21853.6180858248,5287.07772116152,2679.52661305175,10598.907544969,13387.2261035054,53806.3560685125,0.405621294517781,0.110098819219262,0.274309485859792,0.155843930271081,0.974154337282829,"Hospitality","Existing","Hotel","Los Angeles, CA","Los Angeles CBD","Los Angeles/Long Beach","Los Angeles","Los Angeles","90045","12/31/1976","Marriott International","Forward Time Corporation","Upper Upscale","Los Angeles Department Of Water & Power","Westin","N","4 Star","Urban","Forward Time Corporation","Forward Time Corp",233.17,103.113608097097,171.25,106.639416058394
"Oct 2024",522590,0.001,403384,-0.016,100582483,-0.01,0.772,-0.017,249.35,0.005,192.47,-0.012,6137597,0.018,4440088,0.008,1035585539,0.008,0.723,-0.009,233.24,0,168.73,-0.009,311898,NA,0.077,"CG_Union","Oct",2024,2024-10-01,40,16289,16289,87921631.2538767,1984.33801952238,833119.5509286,2019.37679191188,5.93713834823777,2.283860480378,21.7952009971954,0.642264798398628,3.97384738166861,36.1460065259131,60112.2593161029,100981.534471115,13387.2261035054,5287.07772116152,963.365952483271,114.744060408865,179.491067591626,10.4856037816932,18382.2157897968,2203.31561176254,10598.907544969,2679.52661305175,11998.0402725766,9147.62661919087,3353.04720977347,911784.369758733,29171.7072871263,100981.534471115,911784.369758733,21853.6180858248,5287.07772116152,2679.52661305175,10598.907544969,13387.2261035054,53806.3560685125,0.405621294517781,0.110098819219262,0.274309485859792,0.155843930271081,0.974154337282829,"Hospitality","Existing","Hotel","Los Angeles, CA","Los Angeles CBD","Los Angeles/Long Beach","Los Angeles","Los Angeles","90045","12/31/1976","Marriott International","Forward Time Corporation","Upper Upscale","Los Angeles Department Of Water & Power","Westin","N","4 Star","Urban","Forward Time Corporation","Forward Time Corp",233.17,106.939143114466,171.25,112.391240875912
"Nov 2024",505732,0.008,348048,-0.001,76915812,-0.007,0.688,-0.009,220.99,-0.006,152.09,-0.015,6141629,0.015,4439809,0.006,1035034669,0.007,0.723,-0.009,233.13,0.001,168.53,-0.008,314004,NA,0.078,"CG_Union","Nov",2024,2024-11-01,40,16289,16289,87921631.2538767,1984.33801952238,833119.5509286,2019.37679191188,5.93713834823777,2.283860480378,21.7952009971954,0.642264798398628,3.97384738166861,36.1460065259131,60112.2593161029,100981.534471115,13387.2261035054,5287.07772116152,963.365952483271,114.744060408865,179.491067591626,10.4856037816932,18382.2157897968,2203.31561176254,10598.907544969,2679.52661305175,11998.0402725766,9147.62661919087,3353.04720977347,911784.369758733,29171.7072871263,100981.534471115,911784.369758733,21853.6180858248,5287.07772116152,2679.52661305175,10598.907544969,13387.2261035054,53806.3560685125,0.405621294517781,0.110098819219262,0.274309485859792,0.155843930271081,0.974154337282829,"Hospitality","Existing","Hotel","Los Angeles, CA","Los Angeles CBD","Los Angeles/Long Beach","Los Angeles","Los Angeles","90045","12/31/1976","Marriott International","Forward Time Corporation","Upper Upscale","Los Angeles Department Of Water & Power","Westin","N","4 Star","Urban","Forward Time Corporation","Forward Time Corp",233.17,94.7763434404083,171.25,88.8116788321168
"Dec 2024",522590,0.008,332547,-0.002,71263379,0.01,0.636,-0.01,214.3,0.013,136.37,0.002,6145796,0.012,4439076,0.003,1035764830,0.003,0.722,-0.009,233.33,0,168.53,-0.009,316109,NA,0.078,"CG_Union","Dec",2024,2024-12-01,40,16289,16289,87921631.2538767,1984.33801952238,833119.5509286,2019.37679191188,5.93713834823777,2.283860480378,21.7952009971954,0.642264798398628,3.97384738166861,36.1460065259131,60112.2593161029,100981.534471115,13387.2261035054,5287.07772116152,963.365952483271,114.744060408865,179.491067591626,10.4856037816932,18382.2157897968,2203.31561176254,10598.907544969,2679.52661305175,11998.0402725766,9147.62661919087,3353.04720977347,911784.369758733,29171.7072871263,100981.534471115,911784.369758733,21853.6180858248,5287.07772116152,2679.52661305175,10598.907544969,13387.2261035054,53806.3560685125,0.405621294517781,0.110098819219262,0.274309485859792,0.155843930271081,0.974154337282829,"Hospitality","Existing","Hotel","Los Angeles, CA","Los Angeles CBD","Los Angeles/Long Beach","Los Angeles","Los Angeles","90045","12/31/1976","Marriott International","Forward Time Corporation","Upper Upscale","Los Angeles Department Of Water & Power","Westin","N","4 Star","Urban","Forward Time Corporation","Forward Time Corp",233.17,91.9071921773813,171.25,79.6321167883212
"Jan 2025",522590,0.008,320224,-0.025,72589765,-0.032,0.613,-0.033,226.68,-0.007,138.9,-0.04,6149865,0.01,4430770,0,1033345439,0.002,0.72,-0.009,233.22,0.002,168.03,-0.008,317840,NA,0.078,"CG_Union","Jan",2025,2025-01-01,40,16289,16289,87921631.2538767,1984.33801952238,833119.5509286,2019.37679191188,5.93713834823777,2.283860480378,21.7952009971954,0.642264798398628,3.97384738166861,36.1460065259131,60112.2593161029,100981.534471115,13387.2261035054,5287.07772116152,963.365952483271,114.744060408865,179.491067591626,10.4856037816932,18382.2157897968,2203.31561176254,10598.907544969,2679.52661305175,11998.0402725766,9147.62661919087,3353.04720977347,911784.369758733,29171.7072871263,100981.534471115,911784.369758733,21853.6180858248,5287.07772116152,2679.52661305175,10598.907544969,13387.2261035054,53806.3560685125,0.405621294517781,0.110098819219262,0.274309485859792,0.155843930271081,0.974154337282829,"Hospitality","Existing","Hotel","Los Angeles, CA","Los Angeles CBD","Los Angeles/Long Beach","Los Angeles","Los Angeles","90045","12/31/1976","Marriott International","Forward Time Corporation","Upper Upscale","Los Angeles Department Of Water & Power","Westin","N","4 Star","Urban","Forward Time Corporation","Forward Time Corp",233.17,97.2166230647167,171.25,81.1094890510949
"Feb 2025",472017,0.001,341556,0.025,80673632,0.015,0.724,0.024,236.19,-0.01,170.91,0.014,6150306,0.006,4439165,0.002,1034541234,0.003,0.722,-0.004,233.05,0.001,168.21,-0.003,319571,NA,0.078,"CG_Union","Feb",2025,2025-02-01,40,16289,16289,87921631.2538767,1984.33801952238,833119.5509286,2019.37679191188,5.93713834823777,2.283860480378,21.7952009971954,0.642264798398628,3.97384738166861,36.1460065259131,60112.2593161029,100981.534471115,13387.2261035054,5287.07772116152,963.365952483271,114.744060408865,179.491067591626,10.4856037816932,18382.2157897968,2203.31561176254,10598.907544969,2679.52661305175,11998.0402725766,9147.62661919087,3353.04720977347,911784.369758733,29171.7072871263,100981.534471115,911784.369758733,21853.6180858248,5287.07772116152,2679.52661305175,10598.907544969,13387.2261035054,53806.3560685125,0.405621294517781,0.110098819219262,0.274309485859792,0.155843930271081,0.974154337282829,"Hospitality","Existing","Hotel","Los Angeles, CA","Los Angeles CBD","Los Angeles/Long Beach","Los Angeles","Los Angeles","90045","12/31/1976","Marriott International","Forward Time Corporation","Upper Upscale","Los Angeles Department Of Water & Power","Westin","N","4 Star","Urban","Forward Time Corporation","Forward Time Corp",233.17,101.29519234893,171.25,99.8014598540146
"Mar 2025",522590,0.001,383216,-0.008,91021131,0.002,0.733,-0.009,237.52,0.01,174.17,0.001,6150794,0.002,4435921,0,1034678710,0.002,0.721,-0.002,233.25,0.002,168.22,0,321303,NA,0.078,"CG_Union","Mar",2025,2025-03-01,40,16289,16289,87921631.2538767,1984.33801952238,833119.5509286,2019.37679191188,5.93713834823777,2.283860480378,21.7952009971954,0.642264798398628,3.97384738166861,36.1460065259131,60112.2593161029,100981.534471115,13387.2261035054,5287.07772116152,963.365952483271,114.744060408865,179.491067591626,10.4856037816932,18382.2157897968,2203.31561176254,10598.907544969,2679.52661305175,11998.0402725766,9147.62661919087,3353.04720977347,911784.369758733,29171.7072871263,100981.534471115,911784.369758733,21853.6180858248,5287.07772116152,2679.52661305175,10598.907544969,13387.2261035054,53806.3560685125,0.405621294517781,0.110098819219262,0.274309485859792,0.155843930271081,0.974154337282829,"Hospitality","Existing","Hotel","Los Angeles, CA","Los Angeles CBD","Los Angeles/Long Beach","Los Angeles","Los Angeles","90045","12/31/1976","Marriott International","Forward Time Corporation","Upper Upscale","Los Angeles Department Of Water & Power","Westin","N","4 Star","Urban","Forward Time Corporation","Forward Time Corp",233.17,101.865591628426,171.25,101.705109489051
"Apr 2025",505701,0.001,371417,0.069,86602000,0.103,0.734,0.068,233.17,0.031,171.25,0.102,6151235,0.002,4460020,0.01,1042743742,0.018,0.725,0.007,233.8,0.008,169.52,0.015,321399,NA,0.078,"CG_Union","Apr",2025,2025-04-01,40,16289,16289,87921631.2538767,1984.33801952238,833119.5509286,2019.37679191188,5.93713834823777,2.283860480378,21.7952009971954,0.642264798398628,3.97384738166861,36.1460065259131,60112.2593161029,100981.534471115,13387.2261035054,5287.07772116152,963.365952483271,114.744060408865,179.491067591626,10.4856037816932,18382.2157897968,2203.31561176254,10598.907544969,2679.52661305175,11998.0402725766,9147.62661919087,3353.04720977347,911784.369758733,29171.7072871263,100981.534471115,911784.369758733,21853.6180858248,5287.07772116152,2679.52661305175,10598.907544969,13387.2261035054,53806.3560685125,0.405621294517781,0.110098819219262,0.274309485859792,0.155843930271081,0.974154337282829,"Hospitality","Existing","Hotel","Los Angeles, CA","Los Angeles CBD","Los Angeles/Long Beach","Los Angeles","Los Angeles","90045","12/31/1976","Marriott International","Forward Time Corporation","Upper Upscale","Los Angeles Department Of Water & Power","Westin","N","4 Star","Urban","Forward Time Corporation","Forward Time Corp",233.17,100,171.25,100
"May 2025",522557,0.001,394657,0.012,95889420,0.014,0.755,0.012,242.97,0.002,183.5,0.013,6151658,0.003,4464882,0.011,1044096627,0.02,0.726,0.009,233.85,0.008,169.73,0.017,321495,NA,0.078,"CG_Union","May",2025,2025-05-01,40,16289,16289,87921631.2538767,1984.33801952238,833119.5509286,2019.37679191188,5.93713834823777,2.283860480378,21.7952009971954,0.642264798398628,3.97384738166861,36.1460065259131,60112.2593161029,100981.534471115,13387.2261035054,5287.07772116152,963.365952483271,114.744060408865,179.491067591626,10.4856037816932,18382.2157897968,2203.31561176254,10598.907544969,2679.52661305175,11998.0402725766,9147.62661919087,3353.04720977347,911784.369758733,29171.7072871263,100981.534471115,911784.369758733,21853.6180858248,5287.07772116152,2679.52661305175,10598.907544969,13387.2261035054,53806.3560685125,0.405621294517781,0.110098819219262,0.274309485859792,0.155843930271081,0.974154337282829,"Hospitality","Existing","Hotel","Los Angeles, CA","Los Angeles CBD","Los Angeles/Long Beach","Los Angeles","Los Angeles","90045","12/31/1976","Marriott International","Forward Time Corporation","Upper Upscale","Los Angeles Department Of Water & Power","Westin","N","4 Star","Urban","Forward Time Corporation","Forward Time Corp",233.17,104.202942059442,171.25,107.153284671533
"Jun 2025",505701,0.001,360652,-0.037,82824429,-0.033,0.713,-0.037,229.65,0.004,163.78,-0.033,6152068,0.003,4451140,0.008,1041301912,0.018,0.724,0.006,233.94,0.009,169.26,0.015,321591,66046108,0.079,"CG_Union","Jun",2025,2025-06-01,40,16289,16289,87921631.2538767,1984.33801952238,833119.5509286,2019.37679191188,5.93713834823777,2.283860480378,21.7952009971954,0.642264798398628,3.97384738166861,36.1460065259131,60112.2593161029,100981.534471115,13387.2261035054,5287.07772116152,963.365952483271,114.744060408865,179.491067591626,10.4856037816932,18382.2157897968,2203.31561176254,10598.907544969,2679.52661305175,11998.0402725766,9147.62661919087,3353.04720977347,911784.369758733,29171.7072871263,100981.534471115,911784.369758733,21853.6180858248,5287.07772116152,2679.52661305175,10598.907544969,13387.2261035054,53806.3560685125,0.405621294517781,0.110098819219262,0.274309485859792,0.155843930271081,0.974154337282829,"Hospitality","Existing","Hotel","Los Angeles, CA","Los Angeles CBD","Los Angeles/Long Beach","Los Angeles","Los Angeles","90045","12/31/1976","Marriott International","Forward Time Corporation","Upper Upscale","Los Angeles Department Of Water & Power","Westin","N","4 Star","Urban","Forward Time Corporation","Forward Time Corp",233.17,98.4903718317108,171.25,95.6379562043796
"Jul 2025",520246,-0.004,380520,-0.073,85280467,-0.144,0.731,-0.07,224.12,-0.076,163.92,-0.141,6150180,0.002,4421065,-0.005,1026957210,-0.008,0.719,-0.007,232.29,-0.004,166.98,-0.011,322184,66046108,0.079,"CG_Union","Jul",2025,2025-07-01,40,16289,16289,87921631.2538767,1984.33801952238,833119.5509286,2019.37679191188,5.93713834823777,2.283860480378,21.7952009971954,0.642264798398628,3.97384738166861,36.1460065259131,60112.2593161029,100981.534471115,13387.2261035054,5287.07772116152,963.365952483271,114.744060408865,179.491067591626,10.4856037816932,18382.2157897968,2203.31561176254,10598.907544969,2679.52661305175,11998.0402725766,9147.62661919087,3353.04720977347,911784.369758733,29171.7072871263,100981.534471115,911784.369758733,21853.6180858248,5287.07772116152,2679.52661305175,10598.907544969,13387.2261035054,53806.3560685125,0.405621294517781,0.110098819219262,0.274309485859792,0.155843930271081,0.974154337282829,"Hospitality","Existing","Hotel","Los Angeles, CA","Los Angeles CBD","Los Angeles/Long Beach","Los Angeles","Los Angeles","90045","12/31/1976","Marriott International","Forward Time Corporation","Upper Upscale","Los Angeles Department Of Water & Power","Westin","N","4 Star","Urban","Forward Time Corporation","Forward Time Corp",233.17,96.1187116695973,171.25,95.7197080291971
"Aug 2025",520246,-0.004,395712,-0.012,87679589,-0.036,0.761,-0.009,221.57,-0.024,168.53,-0.033,6148292,0.002,4416067,-0.003,1023681218,-0.003,0.718,-0.005,231.81,0,166.5,-0.005,322777,66046108,0.079,"CG_Union","Aug",2025,2025-08-01,40,16289,16289,87921631.2538767,1984.33801952238,833119.5509286,2019.37679191188,5.93713834823777,2.283860480378,21.7952009971954,0.642264798398628,3.97384738166861,36.1460065259131,60112.2593161029,100981.534471115,13387.2261035054,5287.07772116152,963.365952483271,114.744060408865,179.491067591626,10.4856037816932,18382.2157897968,2203.31561176254,10598.907544969,2679.52661305175,11998.0402725766,9147.62661919087,3353.04720977347,911784.369758733,29171.7072871263,100981.534471115,911784.369758733,21853.6180858248,5287.07772116152,2679.52661305175,10598.907544969,13387.2261035054,53806.3560685125,0.405621294517781,0.110098819219262,0.274309485859792,0.155843930271081,0.974154337282829,"Hospitality","Existing","Hotel","Los Angeles, CA","Los Angeles CBD","Los Angeles/Long Beach","Los Angeles","Los Angeles","90045","12/31/1976","Marriott International","Forward Time Corporation","Upper Upscale","Los Angeles Department Of Water & Power","Westin","N","4 Star","Urban","Forward Time Corporation","Forward Time Corp",233.17,95.025088990865,171.25,98.4116788321168
"Sep 2025",503464,-0.004,362376,-0.057,81340855,-0.119,0.72,-0.052,224.47,-0.066,161.56,-0.115,6146024,0.001,4394309,-0.012,1012662962,-0.023,0.715,-0.013,230.45,-0.012,164.77,-0.025,323370,66046108,0.079,"CG_Union","Sep",2025,2025-09-01,40,16289,16289,87921631.2538767,1984.33801952238,833119.5509286,2019.37679191188,5.93713834823777,2.283860480378,21.7952009971954,0.642264798398628,3.97384738166861,36.1460065259131,60112.2593161029,100981.534471115,13387.2261035054,5287.07772116152,963.365952483271,114.744060408865,179.491067591626,10.4856037816932,18382.2157897968,2203.31561176254,10598.907544969,2679.52661305175,11998.0402725766,9147.62661919087,3353.04720977347,911784.369758733,29171.7072871263,100981.534471115,911784.369758733,21853.6180858248,5287.07772116152,2679.52661305175,10598.907544969,13387.2261035054,53806.3560685125,0.405621294517781,0.110098819219262,0.274309485859792,0.155843930271081,0.974154337282829,"Hospitality","Existing","Hotel","Los Angeles, CA","Los Angeles CBD","Los Angeles/Long Beach","Los Angeles","Los Angeles","90045","12/31/1976","Marriott International","Forward Time Corporation","Upper Upscale","Los Angeles Department Of Water & Power","Westin","N","4 Star","Urban","Forward Time Corporation","Forward Time Corp",233.17,96.2688167431488,171.25,94.3416058394161
"Oct 2025",520246,-0.004,401276,-0.005,97466119,-0.031,0.771,-0.001,242.89,-0.026,187.35,-0.027,6143680,0.001,4392201,-0.011,1009546598,-0.025,0.715,-0.012,229.85,-0.015,164.32,-0.026,324031,66046108,0.078,"CG_Union","Oct",2025,2025-10-01,40,16289,16289,87921631.2538767,1984.33801952238,833119.5509286,2019.37679191188,5.93713834823777,2.283860480378,21.7952009971954,0.642264798398628,3.97384738166861,36.1460065259131,60112.2593161029,100981.534471115,13387.2261035054,5287.07772116152,963.365952483271,114.744060408865,179.491067591626,10.4856037816932,18382.2157897968,2203.31561176254,10598.907544969,2679.52661305175,11998.0402725766,9147.62661919087,3353.04720977347,911784.369758733,29171.7072871263,100981.534471115,911784.369758733,21853.6180858248,5287.07772116152,2679.52661305175,10598.907544969,13387.2261035054,53806.3560685125,0.405621294517781,0.110098819219262,0.274309485859792,0.155843930271081,0.974154337282829,"Hospitality","Existing","Hotel","Los Angeles, CA","Los Angeles CBD","Los Angeles/Long Beach","Los Angeles","Los Angeles","90045","12/31/1976","Marriott International","Forward Time Corporation","Upper Upscale","Los Angeles Department Of Water & Power","Westin","N","4 Star","Urban","Forward Time Corporation","Forward Time Corp",233.17,104.168632328344,171.25,109.401459854015
"Nov 2025",503464,-0.004,343181,-0.014,78112128,0.016,0.682,-0.01,227.61,0.03,155.15,0.02,6141412,0,4387335,-0.012,1010742914,-0.023,0.714,-0.012,230.38,-0.012,164.58,-0.023,324693,66046108,0.078,"CG_Union","Nov",2025,2025-11-01,40,16289,16289,87921631.2538767,1984.33801952238,833119.5509286,2019.37679191188,5.93713834823777,2.283860480378,21.7952009971954,0.642264798398628,3.97384738166861,36.1460065259131,60112.2593161029,100981.534471115,13387.2261035054,5287.07772116152,963.365952483271,114.744060408865,179.491067591626,10.4856037816932,18382.2157897968,2203.31561176254,10598.907544969,2679.52661305175,11998.0402725766,9147.62661919087,3353.04720977347,911784.369758733,29171.7072871263,100981.534471115,911784.369758733,21853.6180858248,5287.07772116152,2679.52661305175,10598.907544969,13387.2261035054,53806.3560685125,0.405621294517781,0.110098819219262,0.274309485859792,0.155843930271081,0.974154337282829,"Hospitality","Existing","Hotel","Los Angeles, CA","Los Angeles CBD","Los Angeles/Long Beach","Los Angeles","Los Angeles","90045","12/31/1976","Marriott International","Forward Time Corporation","Upper Upscale","Los Angeles Department Of Water & Power","Westin","N","4 Star","Urban","Forward Time Corporation","Forward Time Corp",233.17,97.615473688725,171.25,90.5985401459854
"Dec 2025",516535,-0.012,322303,-0.031,68078510,-0.045,0.624,-0.019,211.23,-0.014,131.8,-0.033,6135357,-0.002,4377091,-0.014,1007558045,-0.027,0.713,-0.012,230.19,-0.013,164.22,-0.026,325354,66046108,0.078,"CG_Union","Dec",2025,2025-12-01,40,16289,16289,87921631.2538767,1984.33801952238,833119.5509286,2019.37679191188,5.93713834823777,2.283860480378,21.7952009971954,0.642264798398628,3.97384738166861,36.1460065259131,60112.2593161029,100981.534471115,13387.2261035054,5287.07772116152,963.365952483271,114.744060408865,179.491067591626,10.4856037816932,18382.2157897968,2203.31561176254,10598.907544969,2679.52661305175,11998.0402725766,9147.62661919087,3353.04720977347,911784.369758733,29171.7072871263,100981.534471115,911784.369758733,21853.6180858248,5287.07772116152,2679.52661305175,10598.907544969,13387.2261035054,53806.3560685125,0.405621294517781,0.110098819219262,0.274309485859792,0.155843930271081,0.974154337282829,"Hospitality","Existing","Hotel","Los Angeles, CA","Los Angeles CBD","Los Angeles/Long Beach","Los Angeles","Los Angeles","90045","12/31/1976","Marriott International","Forward Time Corporation","Upper Upscale","Los Angeles Department Of Water & Power","Westin","N","4 Star","Urban","Forward Time Corporation","Forward Time Corp",233.17,90.5905562465154,171.25,76.963503649635
"Jan 2026",516535,-0.012,344329,0.075,82228976,0.133,0.667,0.088,238.81,0.053,159.19,0.146,6129302,-0.003,4401196,-0.007,1017197255,-0.016,0.718,-0.003,231.12,-0.009,165.96,-0.012,325226,66046108,0.078,"CG_Union","Jan",2026,2026-01-01,40,16289,16289,87921631.2538767,1984.33801952238,833119.5509286,2019.37679191188,5.93713834823777,2.283860480378,21.7952009971954,0.642264798398628,3.97384738166861,36.1460065259131,60112.2593161029,100981.534471115,13387.2261035054,5287.07772116152,963.365952483271,114.744060408865,179.491067591626,10.4856037816932,18382.2157897968,2203.31561176254,10598.907544969,2679.52661305175,11998.0402725766,9147.62661919087,3353.04720977347,911784.369758733,29171.7072871263,100981.534471115,911784.369758733,21853.6180858248,5287.07772116152,2679.52661305175,10598.907544969,13387.2261035054,53806.3560685125,0.405621294517781,0.110098819219262,0.274309485859792,0.155843930271081,0.974154337282829,"Hospitality","Existing","Hotel","Los Angeles, CA","Los Angeles CBD","Los Angeles/Long Beach","Los Angeles","Los Angeles","90045","12/31/1976","Marriott International","Forward Time Corporation","Upper Upscale","Los Angeles Department Of Water & Power","Westin","N","4 Star","Urban","Forward Time Corporation","Forward Time Corp",233.17,102.418836042373,171.25,92.9576642335766
"Feb 2026",466548,-0.012,366257,0.072,96682091,0.198,0.785,0.085,263.97,0.118,207.23,0.212,6123833,-0.004,4425897,-0.003,1033205715,-0.001,0.723,0.001,233.45,0.002,168.72,0.003,325098,66046108,0.078,"CG_Union","Feb",2026,2026-02-01,40,16289,16289,87921631.2538767,1984.33801952238,833119.5509286,2019.37679191188,5.93713834823777,2.283860480378,21.7952009971954,0.642264798398628,3.97384738166861,36.1460065259131,60112.2593161029,100981.534471115,13387.2261035054,5287.07772116152,963.365952483271,114.744060408865,179.491067591626,10.4856037816932,18382.2157897968,2203.31561176254,10598.907544969,2679.52661305175,11998.0402725766,9147.62661919087,3353.04720977347,911784.369758733,29171.7072871263,100981.534471115,911784.369758733,21853.6180858248,5287.07772116152,2679.52661305175,10598.907544969,13387.2261035054,53806.3560685125,0.405621294517781,0.110098819219262,0.274309485859792,0.155843930271081,0.974154337282829,"Hospitality","Existing","Hotel","Los Angeles, CA","Los Angeles CBD","Los Angeles/Long Beach","Los Angeles","Los Angeles","90045","12/31/1976","Marriott International","Forward Time Corporation","Upper Upscale","Los Angeles Department Of Water & Power","Westin","N","4 Star","Urban","Forward Time Corporation","Forward Time Corp",233.17,113.209246472531,171.25,121.010218978102
"Mar 2026",516535,-0.012,390561,0.019,97894530,0.076,0.756,0.031,250.65,0.055,189.52,0.088,6117778,-0.005,4433242,-0.001,1040079114,0.005,0.725,0.005,234.61,0.006,170.01,0.011,324969,66046108,0.078,"CG_Union","Mar",2026,2026-03-01,40,16289,16289,87921631.2538767,1984.33801952238,833119.5509286,2019.37679191188,5.93713834823777,2.283860480378,21.7952009971954,0.642264798398628,3.97384738166861,36.1460065259131,60112.2593161029,100981.534471115,13387.2261035054,5287.07772116152,963.365952483271,114.744060408865,179.491067591626,10.4856037816932,18382.2157897968,2203.31561176254,10598.907544969,2679.52661305175,11998.0402725766,9147.62661919087,3353.04720977347,911784.369758733,29171.7072871263,100981.534471115,911784.369758733,21853.6180858248,5287.07772116152,2679.52661305175,10598.907544969,13387.2261035054,53806.3560685125,0.405621294517781,0.110098819219262,0.274309485859792,0.155843930271081,0.974154337282829,"Hospitality","Existing","Hotel","Los Angeles, CA","Los Angeles CBD","Los Angeles/Long Beach","Los Angeles","Los Angeles","90045","12/31/1976","Marriott International","Forward Time Corporation","Upper Upscale","Los Angeles Department Of Water & Power","Westin","N","4 Star","Urban","Forward Time Corporation","Forward Time Corp",233.17,107.4966762448,171.25,110.668613138686
"Apr 2026",502110,-0.007,370226,-0.003,89430122,0.033,0.737,0.004,241.56,0.036,178.11,0.04,6114187,-0.006,4432051,-0.006,1042907237,0,0.725,0,235.31,0.006,170.57,0.006,325110,66046108,0.078,"CG_Union","Apr",2026,2026-04-01,40,16289,16289,87921631.2538767,1984.33801952238,833119.5509286,2019.37679191188,5.93713834823777,2.283860480378,21.7952009971954,0.642264798398628,3.97384738166861,36.1460065259131,60112.2593161029,100981.534471115,13387.2261035054,5287.07772116152,963.365952483271,114.744060408865,179.491067591626,10.4856037816932,18382.2157897968,2203.31561176254,10598.907544969,2679.52661305175,11998.0402725766,9147.62661919087,3353.04720977347,911784.369758733,29171.7072871263,100981.534471115,911784.369758733,21853.6180858248,5287.07772116152,2679.52661305175,10598.907544969,13387.2261035054,53806.3560685125,0.405621294517781,0.110098819219262,0.274309485859792,0.155843930271081,0.974154337282829,"Hospitality","Existing","Hotel","Los Angeles, CA","Los Angeles CBD","Los Angeles/Long Beach","Los Angeles","Los Angeles","90045","12/31/1976","Marriott International","Forward Time Corporation","Upper Upscale","Los Angeles Department Of Water & Power","Westin","N","4 Star","Urban","Forward Time Corporation","Forward Time Corp",233.17,103.598233048848,171.25,104.005839416058
"May 2026",522720,0,386011,-0.022,99878439,0.042,0.738,-0.022,258.74,0.065,191.07,0.041,6114350,-0.006,4423405,-0.009,1046896256,0.003,0.723,-0.003,236.67,0.012,171.22,0.009,325250,66046108,0.078,"CG_Union","May",2026,2026-05-01,40,16289,16289,87921631.2538767,1984.33801952238,833119.5509286,2019.37679191188,5.93713834823777,2.283860480378,21.7952009971954,0.642264798398628,3.97384738166861,36.1460065259131,60112.2593161029,100981.534471115,13387.2261035054,5287.07772116152,963.365952483271,114.744060408865,179.491067591626,10.4856037816932,18382.2157897968,2203.31561176254,10598.907544969,2679.52661305175,11998.0402725766,9147.62661919087,3353.04720977347,911784.369758733,29171.7072871263,100981.534471115,911784.369758733,21853.6180858248,5287.07772116152,2679.52661305175,10598.907544969,13387.2261035054,53806.3560685125,0.405621294517781,0.110098819219262,0.274309485859792,0.155843930271081,0.974154337282829,"Hospitality","Existing","Hotel","Los Angeles, CA","Los Angeles CBD","Los Angeles/Long Beach","Los Angeles","Los Angeles","90045","12/31/1976","Marriott International","Forward Time Corporation","Upper Upscale","Los Angeles Department Of Water & Power","Westin","N","4 Star","Urban","Forward Time Corporation","Forward Time Corp",233.17,110.966247802033,171.25,111.573722627737
"Jun 2026",513103,0.015,363174,0.007,98623386,0.191,0.708,-0.008,271.56,0.182,192.21,0.174,6121752,-0.005,4425928,-0.006,1062695213,0.021,0.723,-0.001,240.11,0.026,173.59,0.026,325390,NA,0.078,"CG_Union","Jun",2026,2026-06-01,40,16289,16289,87921631.2538767,1984.33801952238,833119.5509286,2019.37679191188,5.93713834823777,2.283860480378,21.7952009971954,0.642264798398628,3.97384738166861,36.1460065259131,60112.2593161029,100981.534471115,13387.2261035054,5287.07772116152,963.365952483271,114.744060408865,179.491067591626,10.4856037816932,18382.2157897968,2203.31561176254,10598.907544969,2679.52661305175,11998.0402725766,9147.62661919087,3353.04720977347,911784.369758733,29171.7072871263,100981.534471115,911784.369758733,21853.6180858248,5287.07772116152,2679.52661305175,10598.907544969,13387.2261035054,53806.3560685125,0.405621294517781,0.110098819219262,0.274309485859792,0.155843930271081,0.974154337282829,"Hospitality","Existing","Hotel","Los Angeles, CA","Los Angeles CBD","Los Angeles/Long Beach","Los Angeles","Los Angeles","90045","12/31/1976","Marriott International","Forward Time Corporation","Upper Upscale","Los Angeles Department Of Water & Power","Westin","N","4 Star","Urban","Forward Time Corporation","Forward Time Corp",233.17,116.464382210404,171.25,112.239416058394
"Jul 2026",530206,0.019,400912,0.054,99955956,0.172,0.756,0.034,249.32,0.112,188.52,0.15,6131712,-0.003,4446319,0.006,1077370702,0.049,0.725,0.009,242.31,0.043,175.7,0.052,326348,NA,0.078,"CG_Union","Jul",2026,2026-07-01,40,16289,16289,87921631.2538767,1984.33801952238,833119.5509286,2019.37679191188,5.93713834823777,2.283860480378,21.7952009971954,0.642264798398628,3.97384738166861,36.1460065259131,60112.2593161029,100981.534471115,13387.2261035054,5287.07772116152,963.365952483271,114.744060408865,179.491067591626,10.4856037816932,18382.2157897968,2203.31561176254,10598.907544969,2679.52661305175,11998.0402725766,9147.62661919087,3353.04720977347,911784.369758733,29171.7072871263,100981.534471115,911784.369758733,21853.6180858248,5287.07772116152,2679.52661305175,10598.907544969,13387.2261035054,53806.3560685125,0.405621294517781,0.110098819219262,0.274309485859792,0.155843930271081,0.974154337282829,"Hospitality","Existing","Hotel","Los Angeles, CA","Los Angeles CBD","Los Angeles/Long Beach","Los Angeles","Los Angeles","90045","12/31/1976","Marriott International","Forward Time Corporation","Upper Upscale","Los Angeles Department Of Water & Power","Westin","N","4 Star","Urban","Forward Time Corporation","Forward Time Corp",233.17,106.926276965304,171.25,110.084671532847
"Aug 2026",530206,0.019,415040,0.049,99434457,0.134,0.783,0.029,239.58,0.081,187.54,0.113,6141672,-0.001,4465646,0.011,1089125569,0.064,0.727,0.012,243.89,0.052,177.33,0.065,327306,NA,0.078,"CG_Union","Aug",2026,2026-08-01,40,16289,16289,87921631.2538767,1984.33801952238,833119.5509286,2019.37679191188,5.93713834823777,2.283860480378,21.7952009971954,0.642264798398628,3.97384738166861,36.1460065259131,60112.2593161029,100981.534471115,13387.2261035054,5287.07772116152,963.365952483271,114.744060408865,179.491067591626,10.4856037816932,18382.2157897968,2203.31561176254,10598.907544969,2679.52661305175,11998.0402725766,9147.62661919087,3353.04720977347,911784.369758733,29171.7072871263,100981.534471115,911784.369758733,21853.6180858248,5287.07772116152,2679.52661305175,10598.907544969,13387.2261035054,53806.3560685125,0.405621294517781,0.110098819219262,0.274309485859792,0.155843930271081,0.974154337282829,"Hospitality","Existing","Hotel","Los Angeles, CA","Los Angeles CBD","Los Angeles/Long Beach","Los Angeles","Los Angeles","90045","12/31/1976","Marriott International","Forward Time Corporation","Upper Upscale","Los Angeles Department Of Water & Power","Westin","N","4 Star","Urban","Forward Time Corporation","Forward Time Corp",233.17,102.749067204186,171.25,109.512408759124
